nombre_columna,grupo,nombre_variable,descripcion_grupo,tipo_variable_original,estadistico_zonal,unidad,resolucion_fuente_m,fuente,resolucion_H3,fuente_metadatos
ESA Trees,ESA,Trees,"Cobertura del suelo de la ESA 2021, 10 m, v200, con imágenes de satélites Sentinel 1 y Sentinel 2",categórica,frecuencia relativa respecto de celdas no nulas x 100,porcentaje,10,"ESA WorldCover 2021, v200",7,https://geofis.github.io/zonal-statistics/README.html
ESA Shrubland,ESA,Shrubland,"Cobertura del suelo de la ESA 2021, 10 m, v200, con imágenes de satélites Sentinel 1 y Sentinel 2",categórica,frecuencia relativa respecto de celdas no nulas x 100,porcentaje,10,"ESA WorldCover 2021, v200",7,https://geofis.github.io/zonal-statistics/README.html
ESA Grassland,ESA,Grassland,"Cobertura del suelo de la ESA 2021, 10 m, v200, con imágenes de satélites Sentinel 1 y Sentinel 2",categórica,frecuencia relativa respecto de celdas no nulas x 100,porcentaje,10,"ESA WorldCover 2021, v200",7,https://geofis.github.io/zonal-statistics/README.html
ESA Cropland,ESA,Cropland,"Cobertura del suelo de la ESA 2021, 10 m, v200, con imágenes de satélites Sentinel 1 y Sentinel 2",categórica,frecuencia relativa respecto de celdas no nulas x 100,porcentaje,10,"ESA WorldCover 2021, v200",7,https://geofis.github.io/zonal-statistics/README.html
ESA Built-up,ESA,Built-up,"Cobertura del suelo de la ESA 2021, 10 m, v200, con imágenes de satélites Sentinel 1 y Sentinel 2",categórica,frecuencia relativa respecto de celdas no nulas x 100,porcentaje,10,"ESA WorldCover 2021, v200",7,https://geofis.github.io/zonal-statistics/README.html
ESA Barren / sparse vegetation,ESA,Barren / sparse vegetation,"Cobertura del suelo de la ESA 2021, 10 m, v200, con imágenes de satélites Sentinel 1 y Sentinel 2",categórica,frecuencia relativa respecto de celdas no nulas x 100,porcentaje,10,"ESA WorldCover 2021, v200",7,https://geofis.github.io/zonal-statistics/README.html
ESA Open water,ESA,Open water,"Cobertura del suelo de la ESA 2021, 10 m, v200, con imágenes de satélites Sentinel 1 y Sentinel 2",categórica,frecuencia relativa respecto de celdas no nulas x 100,porcentaje,10,"ESA WorldCover 2021, v200",7,https://geofis.github.io/zonal-statistics/README.html
ESA Herbaceous wetland,ESA,Herbaceous wetland,"Cobertura del suelo de la ESA 2021, 10 m, v200, con imágenes de satélites Sentinel 1 y Sentinel 2",categórica,frecuencia relativa respecto de celdas no nulas x 100,porcentaje,10,"ESA WorldCover 2021, v200",7,https://geofis.github.io/zonal-statistics/README.html
ESA Mangroves,ESA,Mangroves,"Cobertura del suelo de la ESA 2021, 10 m, v200, con imágenes de satélites Sentinel 1 y Sentinel 2",categórica,frecuencia relativa respecto de celdas no nulas x 100,porcentaje,10,"ESA WorldCover 2021, v200",7,https://geofis.github.io/zonal-statistics/README.html
"CGL Closed forest, evergreen needle leaf",CGL,"Closed forest, evergreen needle leaf","Cobertura global del suelo del programa Copernicus 2019, con imágenes del satélite PROBA-V, colección 3, PROBA-V-C3",categórica,frecuencia relativa respecto de celdas no nulas x 100,porcentaje,100,Copernicus Global Land Cover 2019,7,https://geofis.github.io/zonal-statistics/README.html
"CGL Closed forest, evergreen broad leaf",CGL,"Closed forest, evergreen broad leaf","Cobertura global del suelo del programa Copernicus 2019, con imágenes del satélite PROBA-V, colección 3, PROBA-V-C3",categórica,frecuencia relativa respecto de celdas no nulas x 100,porcentaje,100,Copernicus Global Land Cover 2019,7,https://geofis.github.io/zonal-statistics/README.html
"CGL Closed forest, deciduous broad leaf",CGL,"Closed forest, deciduous broad leaf","Cobertura global del suelo del programa Copernicus 2019, con imágenes del satélite PROBA-V, colección 3, PROBA-V-C3",categórica,frecuencia relativa respecto de celdas no nulas x 100,porcentaje,100,Copernicus Global Land Cover 2019,7,https://geofis.github.io/zonal-statistics/README.html
"CGL Closed forest, mixed",CGL,"Closed forest, mixed","Cobertura global del suelo del programa Copernicus 2019, con imágenes del satélite PROBA-V, colección 3, PROBA-V-C3",categórica,frecuencia relativa respecto de celdas no nulas x 100,porcentaje,100,Copernicus Global Land Cover 2019,7,https://geofis.github.io/zonal-statistics/README.html
"CGL Closed forest, not matching any of the other definitions",CGL,"Closed forest, not matching any of the other definitions","Cobertura global del suelo del programa Copernicus 2019, con imágenes del satélite PROBA-V, colección 3, PROBA-V-C3",categórica,frecuencia relativa respecto de celdas no nulas x 100,porcentaje,100,Copernicus Global Land Cover 2019,7,https://geofis.github.io/zonal-statistics/README.html
"CGL Open forest, evergreen needle leaf",CGL,"Open forest, evergreen needle leaf","Cobertura global del suelo del programa Copernicus 2019, con imágenes del satélite PROBA-V, colección 3, PROBA-V-C3",categórica,frecuencia relativa respecto de celdas no nulas x 100,porcentaje,100,Copernicus Global Land Cover 2019,7,https://geofis.github.io/zonal-statistics/README.html
"CGL Open forest, evergreen broad leaf",CGL,"Open forest, evergreen broad leaf","Cobertura global del suelo del programa Copernicus 2019, con imágenes del satélite PROBA-V, colección 3, PROBA-V-C3",categórica,frecuencia relativa respecto de celdas no nulas x 100,porcentaje,100,Copernicus Global Land Cover 2019,7,https://geofis.github.io/zonal-statistics/README.html
"CGL Open forest, deciduous broad leaf",CGL,"Open forest, deciduous broad leaf","Cobertura global del suelo del programa Copernicus 2019, con imágenes del satélite PROBA-V, colección 3, PROBA-V-C3",categórica,frecuencia relativa respecto de celdas no nulas x 100,porcentaje,100,Copernicus Global Land Cover 2019,7,https://geofis.github.io/zonal-statistics/README.html
"CGL Open forest, mixed",CGL,"Open forest, mixed","Cobertura global del suelo del programa Copernicus 2019, con imágenes del satélite PROBA-V, colección 3, PROBA-V-C3",categórica,frecuencia relativa respecto de celdas no nulas x 100,porcentaje,100,Copernicus Global Land Cover 2019,7,https://geofis.github.io/zonal-statistics/README.html
"CGL Open forest, not matching any of the other definitions",CGL,"Open forest, not matching any of the other definitions","Cobertura global del suelo del programa Copernicus 2019, con imágenes del satélite PROBA-V, colección 3, PROBA-V-C3",categórica,frecuencia relativa respecto de celdas no nulas x 100,porcentaje,100,Copernicus Global Land Cover 2019,7,https://geofis.github.io/zonal-statistics/README.html
CGL Shrubs,CGL,Shrubs,"Cobertura global del suelo del programa Copernicus 2019, con imágenes del satélite PROBA-V, colección 3, PROBA-V-C3",categórica,frecuencia relativa respecto de celdas no nulas x 100,porcentaje,100,Copernicus Global Land Cover 2019,7,https://geofis.github.io/zonal-statistics/README.html
"CGL Oceans, seas",CGL,"Oceans, seas","Cobertura global del suelo del programa Copernicus 2019, con imágenes del satélite PROBA-V, colección 3, PROBA-V-C3",categórica,frecuencia relativa respecto de celdas no nulas x 100,porcentaje,100,Copernicus Global Land Cover 2019,7,https://geofis.github.io/zonal-statistics/README.html
CGL Herbaceous vegetation,CGL,Herbaceous vegetation,"Cobertura global del suelo del programa Copernicus 2019, con imágenes del satélite PROBA-V, colección 3, PROBA-V-C3",categórica,frecuencia relativa respecto de celdas no nulas x 100,porcentaje,100,Copernicus Global Land Cover 2019,7,https://geofis.github.io/zonal-statistics/README.html
CGL Cultivated and managed vegetation / agriculture,CGL,Cultivated and managed vegetation / agriculture,"Cobertura global del suelo del programa Copernicus 2019, con imágenes del satélite PROBA-V, colección 3, PROBA-V-C3",categórica,frecuencia relativa respecto de celdas no nulas x 100,porcentaje,100,Copernicus Global Land Cover 2019,7,https://geofis.github.io/zonal-statistics/README.html
CGL Urban / built up,CGL,Urban / built up,"Cobertura global del suelo del programa Copernicus 2019, con imágenes del satélite PROBA-V, colección 3, PROBA-V-C3",categórica,frecuencia relativa respecto de celdas no nulas x 100,porcentaje,100,Copernicus Global Land Cover 2019,7,https://geofis.github.io/zonal-statistics/README.html
CGL Bare / sparse vegetation,CGL,Bare / sparse vegetation,"Cobertura global del suelo del programa Copernicus 2019, con imágenes del satélite PROBA-V, colección 3, PROBA-V-C3",categórica,frecuencia relativa respecto de celdas no nulas x 100,porcentaje,100,Copernicus Global Land Cover 2019,7,https://geofis.github.io/zonal-statistics/README.html
CGL Permanent water bodies,CGL,Permanent water bodies,"Cobertura global del suelo del programa Copernicus 2019, con imágenes del satélite PROBA-V, colección 3, PROBA-V-C3",categórica,frecuencia relativa respecto de celdas no nulas x 100,porcentaje,100,Copernicus Global Land Cover 2019,7,https://geofis.github.io/zonal-statistics/README.html
CGL Herbaceous wetland,CGL,Herbaceous wetland,"Cobertura global del suelo del programa Copernicus 2019, con imágenes del satélite PROBA-V, colección 3, PROBA-V-C3",categórica,frecuencia relativa respecto de celdas no nulas x 100,porcentaje,100,Copernicus Global Land Cover 2019,7,https://geofis.github.io/zonal-statistics/README.html
GSL Peak/ridge (warm),GSL,Peak/ridge (warm),Morfologías a partir del SRTM,categórica,frecuencia relativa respecto de celdas no nulas x 100,porcentaje,90,Global SRTM Landforms,7,https://geofis.github.io/zonal-statistics/README.html
GSL Peak/ridge,GSL,Peak/ridge,Morfologías a partir del SRTM,categórica,frecuencia relativa respecto de celdas no nulas x 100,porcentaje,90,Global SRTM Landforms,7,https://geofis.github.io/zonal-statistics/README.html
GSL Mountain/divide,GSL,Mountain/divide,Morfologías a partir del SRTM,categórica,frecuencia relativa respecto de celdas no nulas x 100,porcentaje,90,Global SRTM Landforms,7,https://geofis.github.io/zonal-statistics/README.html
GSL Cliff,GSL,Cliff,Morfologías a partir del SRTM,categórica,frecuencia relativa respecto de celdas no nulas x 100,porcentaje,90,Global SRTM Landforms,7,https://geofis.github.io/zonal-statistics/README.html
GSL Upper slope (warm),GSL,Upper slope (warm),Morfologías a partir del SRTM,categórica,frecuencia relativa respecto de celdas no nulas x 100,porcentaje,90,Global SRTM Landforms,7,https://geofis.github.io/zonal-statistics/README.html
GSL Upper slope,GSL,Upper slope,Morfologías a partir del SRTM,categórica,frecuencia relativa respecto de celdas no nulas x 100,porcentaje,90,Global SRTM Landforms,7,https://geofis.github.io/zonal-statistics/README.html
GSL Upper slope (cool),GSL,Upper slope (cool),Morfologías a partir del SRTM,categórica,frecuencia relativa respecto de celdas no nulas x 100,porcentaje,90,Global SRTM Landforms,7,https://geofis.github.io/zonal-statistics/README.html
GSL Upper slope (flat),GSL,Upper slope (flat),Morfologías a partir del SRTM,categórica,frecuencia relativa respecto de celdas no nulas x 100,porcentaje,90,Global SRTM Landforms,7,https://geofis.github.io/zonal-statistics/README.html
GSL Lower slope (warm),GSL,Lower slope (warm),Morfologías a partir del SRTM,categórica,frecuencia relativa respecto de celdas no nulas x 100,porcentaje,90,Global SRTM Landforms,7,https://geofis.github.io/zonal-statistics/README.html
GSL Lower slope,GSL,Lower slope,Morfologías a partir del SRTM,categórica,frecuencia relativa respecto de celdas no nulas x 100,porcentaje,90,Global SRTM Landforms,7,https://geofis.github.io/zonal-statistics/README.html
GSL Lower slope (cool),GSL,Lower slope (cool),Morfologías a partir del SRTM,categórica,frecuencia relativa respecto de celdas no nulas x 100,porcentaje,90,Global SRTM Landforms,7,https://geofis.github.io/zonal-statistics/README.html
GSL Lower slope (flat),GSL,Lower slope (flat),Morfologías a partir del SRTM,categórica,frecuencia relativa respecto de celdas no nulas x 100,porcentaje,90,Global SRTM Landforms,7,https://geofis.github.io/zonal-statistics/README.html
GSL Valley,GSL,Valley,Morfologías a partir del SRTM,categórica,frecuencia relativa respecto de celdas no nulas x 100,porcentaje,90,Global SRTM Landforms,7,https://geofis.github.io/zonal-statistics/README.html
GSL Valley (narrow),GSL,Valley (narrow),Morfologías a partir del SRTM,categórica,frecuencia relativa respecto de celdas no nulas x 100,porcentaje,90,Global SRTM Landforms,7,https://geofis.github.io/zonal-statistics/README.html
GHH coefficient_of_variation_1km,GHH,coefficient_of_variation_1km,Heterogeneidad de hábitat de ámbito global,numérica,media,"en general, índices adimensionales derivados del índice de vegetación mejorado",1000,Global Habitat Heterogeneity,7,https://geofis.github.io/zonal-statistics/README.html
GHH contrast_1km,GHH,contrast_1km,Heterogeneidad de hábitat de ámbito global,numérica,media,"en general, índices adimensionales derivados del índice de vegetación mejorado",1000,Global Habitat Heterogeneity,7,https://geofis.github.io/zonal-statistics/README.html
GHH correlation_1km,GHH,correlation_1km,Heterogeneidad de hábitat de ámbito global,numérica,media,"en general, índices adimensionales derivados del índice de vegetación mejorado",1000,Global Habitat Heterogeneity,7,https://geofis.github.io/zonal-statistics/README.html
GHH dissimilarity_1km,GHH,dissimilarity_1km,Heterogeneidad de hábitat de ámbito global,numérica,media,"en general, índices adimensionales derivados del índice de vegetación mejorado",1000,Global Habitat Heterogeneity,7,https://geofis.github.io/zonal-statistics/README.html
GHH entropy_1km,GHH,entropy_1km,Heterogeneidad de hábitat de ámbito global,numérica,media,"en general, índices adimensionales derivados del índice de vegetación mejorado",1000,Global Habitat Heterogeneity,7,https://geofis.github.io/zonal-statistics/README.html
GHH homogeneity_1km,GHH,homogeneity_1km,Heterogeneidad de hábitat de ámbito global,numérica,media,"en general, índices adimensionales derivados del índice de vegetación mejorado",1000,Global Habitat Heterogeneity,7,https://geofis.github.io/zonal-statistics/README.html
GHH maximum_1km,GHH,maximum_1km,Heterogeneidad de hábitat de ámbito global,numérica,media,"en general, índices adimensionales derivados del índice de vegetación mejorado",1000,Global Habitat Heterogeneity,7,https://geofis.github.io/zonal-statistics/README.html
GHH mean_1km,GHH,mean_1km,Heterogeneidad de hábitat de ámbito global,numérica,media,"en general, índices adimensionales derivados del índice de vegetación mejorado",1000,Global Habitat Heterogeneity,7,https://geofis.github.io/zonal-statistics/README.html
GHH pielou_1km,GHH,pielou_1km,Heterogeneidad de hábitat de ámbito global,numérica,media,"en general, índices adimensionales derivados del índice de vegetación mejorado",1000,Global Habitat Heterogeneity,7,https://geofis.github.io/zonal-statistics/README.html
GHH range_1km,GHH,range_1km,Heterogeneidad de hábitat de ámbito global,numérica,media,"en general, índices adimensionales derivados del índice de vegetación mejorado",1000,Global Habitat Heterogeneity,7,https://geofis.github.io/zonal-statistics/README.html
GHH shannon_1km,GHH,shannon_1km,Heterogeneidad de hábitat de ámbito global,numérica,media,"en general, índices adimensionales derivados del índice de vegetación mejorado",1000,Global Habitat Heterogeneity,7,https://geofis.github.io/zonal-statistics/README.html
GHH simpson_1km,GHH,simpson_1km,Heterogeneidad de hábitat de ámbito global,numérica,media,"en general, índices adimensionales derivados del índice de vegetación mejorado",1000,Global Habitat Heterogeneity,7,https://geofis.github.io/zonal-statistics/README.html
GHH standard_deviation_1km,GHH,standard_deviation_1km,Heterogeneidad de hábitat de ámbito global,numérica,media,"en general, índices adimensionales derivados del índice de vegetación mejorado",1000,Global Habitat Heterogeneity,7,https://geofis.github.io/zonal-statistics/README.html
GHH uniformity_1km,GHH,uniformity_1km,Heterogeneidad de hábitat de ámbito global,numérica,media,"en general, índices adimensionales derivados del índice de vegetación mejorado",1000,Global Habitat Heterogeneity,7,https://geofis.github.io/zonal-statistics/README.html
GHH variance_1km,GHH,variance_1km,Heterogeneidad de hábitat de ámbito global,numérica,media,"en general, índices adimensionales derivados del índice de vegetación mejorado",1000,Global Habitat Heterogeneity,7,https://geofis.github.io/zonal-statistics/README.html
WCL bio01 Annual mean temperature,WCL,bio01 Annual mean temperature,Variables bioclimáticas de WorldClim 1960-1991 versión 1,numérica,media,cada variable se mide en su propia unidad; algunas usan factor de escalamiento y compensación; consultar fuente original,927.67,WorldClim v1,7,https://geofis.github.io/zonal-statistics/README.html
WCL bio02 Mean diurnal range mean of monthly max temp - min temp,WCL,bio02 Mean diurnal range mean of monthly max temp - min temp,Variables bioclimáticas de WorldClim 1960-1991 versión 1,numérica,media,cada variable se mide en su propia unidad; algunas usan factor de escalamiento y compensación; consultar fuente original,927.67,WorldClim v1,7,https://geofis.github.io/zonal-statistics/README.html
WCL bio03 Isothermality bio02 div/bio07,WCL,bio03 Isothermality bio02 div/bio07,Variables bioclimáticas de WorldClim 1960-1991 versión 1,numérica,media,cada variable se mide en su propia unidad; algunas usan factor de escalamiento y compensación; consultar fuente original,927.67,WorldClim v1,7,https://geofis.github.io/zonal-statistics/README.html
WCL bio04 Temperature seasonality Standard deviation times 100,WCL,bio04 Temperature seasonality Standard deviation times 100,Variables bioclimáticas de WorldClim 1960-1991 versión 1,numérica,media,cada variable se mide en su propia unidad; algunas usan factor de escalamiento y compensación; consultar fuente original,927.67,WorldClim v1,7,https://geofis.github.io/zonal-statistics/README.html
WCL bio05 Max temperature of warmest month,WCL,bio05 Max temperature of warmest month,Variables bioclimáticas de WorldClim 1960-1991 versión 1,numérica,media,cada variable se mide en su propia unidad; algunas usan factor de escalamiento y compensación; consultar fuente original,927.67,WorldClim v1,7,https://geofis.github.io/zonal-statistics/README.html
WCL bio06 Min temperature of coldest month,WCL,bio06 Min temperature of coldest month,Variables bioclimáticas de WorldClim 1960-1991 versión 1,numérica,media,cada variable se mide en su propia unidad; algunas usan factor de escalamiento y compensación; consultar fuente original,927.67,WorldClim v1,7,https://geofis.github.io/zonal-statistics/README.html
WCL bio07 Temperature annual range bio05-bio06,WCL,bio07 Temperature annual range bio05-bio06,Variables bioclimáticas de WorldClim 1960-1991 versión 1,numérica,media,cada variable se mide en su propia unidad; algunas usan factor de escalamiento y compensación; consultar fuente original,927.67,WorldClim v1,7,https://geofis.github.io/zonal-statistics/README.html
WCL bio08 Mean temperature of wettest quarter,WCL,bio08 Mean temperature of wettest quarter,Variables bioclimáticas de WorldClim 1960-1991 versión 1,numérica,media,cada variable se mide en su propia unidad; algunas usan factor de escalamiento y compensación; consultar fuente original,927.67,WorldClim v1,7,https://geofis.github.io/zonal-statistics/README.html
WCL bio09 Mean temperature of driest quarter,WCL,bio09 Mean temperature of driest quarter,Variables bioclimáticas de WorldClim 1960-1991 versión 1,numérica,media,cada variable se mide en su propia unidad; algunas usan factor de escalamiento y compensación; consultar fuente original,927.67,WorldClim v1,7,https://geofis.github.io/zonal-statistics/README.html
WCL bio10 Mean temperature of warmest quarter,WCL,bio10 Mean temperature of warmest quarter,Variables bioclimáticas de WorldClim 1960-1991 versión 1,numérica,media,cada variable se mide en su propia unidad; algunas usan factor de escalamiento y compensación; consultar fuente original,927.67,WorldClim v1,7,https://geofis.github.io/zonal-statistics/README.html
WCL bio11 Mean temperature of coldest quarter,WCL,bio11 Mean temperature of coldest quarter,Variables bioclimáticas de WorldClim 1960-1991 versión 1,numérica,media,cada variable se mide en su propia unidad; algunas usan factor de escalamiento y compensación; consultar fuente original,927.67,WorldClim v1,7,https://geofis.github.io/zonal-statistics/README.html
WCL bio12 Annual precipitation,WCL,bio12 Annual precipitation,Variables bioclimáticas de WorldClim 1960-1991 versión 1,numérica,media,cada variable se mide en su propia unidad; algunas usan factor de escalamiento y compensación; consultar fuente original,927.67,WorldClim v1,7,https://geofis.github.io/zonal-statistics/README.html
WCL bio13 Precipitation of wettest month,WCL,bio13 Precipitation of wettest month,Variables bioclimáticas de WorldClim 1960-1991 versión 1,numérica,media,cada variable se mide en su propia unidad; algunas usan factor de escalamiento y compensación; consultar fuente original,927.67,WorldClim v1,7,https://geofis.github.io/zonal-statistics/README.html
WCL bio14 Precipitation of driest month,WCL,bio14 Precipitation of driest month,Variables bioclimáticas de WorldClim 1960-1991 versión 1,numérica,media,cada variable se mide en su propia unidad; algunas usan factor de escalamiento y compensación; consultar fuente original,927.67,WorldClim v1,7,https://geofis.github.io/zonal-statistics/README.html
WCL bio15 Precipitation seasonality,WCL,bio15 Precipitation seasonality,Variables bioclimáticas de WorldClim 1960-1991 versión 1,numérica,media,cada variable se mide en su propia unidad; algunas usan factor de escalamiento y compensación; consultar fuente original,927.67,WorldClim v1,7,https://geofis.github.io/zonal-statistics/README.html
WCL bio16 Precipitation of wettest quarter,WCL,bio16 Precipitation of wettest quarter,Variables bioclimáticas de WorldClim 1960-1991 versión 1,numérica,media,cada variable se mide en su propia unidad; algunas usan factor de escalamiento y compensación; consultar fuente original,927.67,WorldClim v1,7,https://geofis.github.io/zonal-statistics/README.html
WCL bio17 Precipitation of driest quarter,WCL,bio17 Precipitation of driest quarter,Variables bioclimáticas de WorldClim 1960-1991 versión 1,numérica,media,cada variable se mide en su propia unidad; algunas usan factor de escalamiento y compensación; consultar fuente original,927.67,WorldClim v1,7,https://geofis.github.io/zonal-statistics/README.html
WCL bio18 Precipitation of warmest quarter,WCL,bio18 Precipitation of warmest quarter,Variables bioclimáticas de WorldClim 1960-1991 versión 1,numérica,media,cada variable se mide en su propia unidad; algunas usan factor de escalamiento y compensación; consultar fuente original,927.67,WorldClim v1,7,https://geofis.github.io/zonal-statistics/README.html
WCL bio19 Precipitation of coldest quarter,WCL,bio19 Precipitation of coldest quarter,Variables bioclimáticas de WorldClim 1960-1991 versión 1,numérica,media,cada variable se mide en su propia unidad; algunas usan factor de escalamiento y compensación; consultar fuente original,927.67,WorldClim v1,7,https://geofis.github.io/zonal-statistics/README.html
CH-BIO bio01 mean annual air temperature,CH-BIO,bio01 mean annual air temperature,Variables bioclimáticas CHELSA 1981-2010 versión 2.1,numérica,media,cada variable se mide en su propia unidad; algunas usan factor de escalamiento y compensación; consultar fuente original,ca. 1000,CHELSA 1981-2010 v2.1,7,https://geofis.github.io/zonal-statistics/README.html
CH-BIO bio02 mean diurnal air temperature range,CH-BIO,bio02 mean diurnal air temperature range,Variables bioclimáticas CHELSA 1981-2010 versión 2.1,numérica,media,cada variable se mide en su propia unidad; algunas usan factor de escalamiento y compensación; consultar fuente original,ca. 1000,CHELSA 1981-2010 v2.1,7,https://geofis.github.io/zonal-statistics/README.html
CH-BIO bio03 isothermality,CH-BIO,bio03 isothermality,Variables bioclimáticas CHELSA 1981-2010 versión 2.1,numérica,media,cada variable se mide en su propia unidad; algunas usan factor de escalamiento y compensación; consultar fuente original,ca. 1000,CHELSA 1981-2010 v2.1,7,https://geofis.github.io/zonal-statistics/README.html
CH-BIO bio04 temperature seasonality,CH-BIO,bio04 temperature seasonality,Variables bioclimáticas CHELSA 1981-2010 versión 2.1,numérica,media,cada variable se mide en su propia unidad; algunas usan factor de escalamiento y compensación; consultar fuente original,ca. 1000,CHELSA 1981-2010 v2.1,7,https://geofis.github.io/zonal-statistics/README.html
CH-BIO bio05 mean daily maximum air temperature of the warmest month,CH-BIO,bio05 mean daily maximum air temperature of the warmest month,Variables bioclimáticas CHELSA 1981-2010 versión 2.1,numérica,media,cada variable se mide en su propia unidad; algunas usan factor de escalamiento y compensación; consultar fuente original,ca. 1000,CHELSA 1981-2010 v2.1,7,https://geofis.github.io/zonal-statistics/README.html
CH-BIO bio06 mean daily minimum air temperature of the coldest month,CH-BIO,bio06 mean daily minimum air temperature of the coldest month,Variables bioclimáticas CHELSA 1981-2010 versión 2.1,numérica,media,cada variable se mide en su propia unidad; algunas usan factor de escalamiento y compensación; consultar fuente original,ca. 1000,CHELSA 1981-2010 v2.1,7,https://geofis.github.io/zonal-statistics/README.html
CH-BIO bio07 annual range of air temperature,CH-BIO,bio07 annual range of air temperature,Variables bioclimáticas CHELSA 1981-2010 versión 2.1,numérica,media,cada variable se mide en su propia unidad; algunas usan factor de escalamiento y compensación; consultar fuente original,ca. 1000,CHELSA 1981-2010 v2.1,7,https://geofis.github.io/zonal-statistics/README.html
CH-BIO bio08 mean daily mean air temperatures of the wettest quarter,CH-BIO,bio08 mean daily mean air temperatures of the wettest quarter,Variables bioclimáticas CHELSA 1981-2010 versión 2.1,numérica,media,cada variable se mide en su propia unidad; algunas usan factor de escalamiento y compensación; consultar fuente original,ca. 1000,CHELSA 1981-2010 v2.1,7,https://geofis.github.io/zonal-statistics/README.html
CH-BIO bio09 mean daily mean air temperatures of the driest quarter,CH-BIO,bio09 mean daily mean air temperatures of the driest quarter,Variables bioclimáticas CHELSA 1981-2010 versión 2.1,numérica,media,cada variable se mide en su propia unidad; algunas usan factor de escalamiento y compensación; consultar fuente original,ca. 1000,CHELSA 1981-2010 v2.1,7,https://geofis.github.io/zonal-statistics/README.html
CH-BIO bio10 mean daily mean air temperatures of the warmest quarter,CH-BIO,bio10 mean daily mean air temperatures of the warmest quarter,Variables bioclimáticas CHELSA 1981-2010 versión 2.1,numérica,media,cada variable se mide en su propia unidad; algunas usan factor de escalamiento y compensación; consultar fuente original,ca. 1000,CHELSA 1981-2010 v2.1,7,https://geofis.github.io/zonal-statistics/README.html
CH-BIO bio11 mean daily mean air temperatures of the coldest quarter,CH-BIO,bio11 mean daily mean air temperatures of the coldest quarter,Variables bioclimáticas CHELSA 1981-2010 versión 2.1,numérica,media,cada variable se mide en su propia unidad; algunas usan factor de escalamiento y compensación; consultar fuente original,ca. 1000,CHELSA 1981-2010 v2.1,7,https://geofis.github.io/zonal-statistics/README.html
CH-BIO bio12 annual precipitation amount,CH-BIO,bio12 annual precipitation amount,Variables bioclimáticas CHELSA 1981-2010 versión 2.1,numérica,media,cada variable se mide en su propia unidad; algunas usan factor de escalamiento y compensación; consultar fuente original,ca. 1000,CHELSA 1981-2010 v2.1,7,https://geofis.github.io/zonal-statistics/README.html
CH-BIO bio13 precipitation amount of the wettest month,CH-BIO,bio13 precipitation amount of the wettest month,Variables bioclimáticas CHELSA 1981-2010 versión 2.1,numérica,media,cada variable se mide en su propia unidad; algunas usan factor de escalamiento y compensación; consultar fuente original,ca. 1000,CHELSA 1981-2010 v2.1,7,https://geofis.github.io/zonal-statistics/README.html
CH-BIO bio14 precipitation amount of the driest month,CH-BIO,bio14 precipitation amount of the driest month,Variables bioclimáticas CHELSA 1981-2010 versión 2.1,numérica,media,cada variable se mide en su propia unidad; algunas usan factor de escalamiento y compensación; consultar fuente original,ca. 1000,CHELSA 1981-2010 v2.1,7,https://geofis.github.io/zonal-statistics/README.html
CH-BIO bio15 precipitation seasonality,CH-BIO,bio15 precipitation seasonality,Variables bioclimáticas CHELSA 1981-2010 versión 2.1,numérica,media,cada variable se mide en su propia unidad; algunas usan factor de escalamiento y compensación; consultar fuente original,ca. 1000,CHELSA 1981-2010 v2.1,7,https://geofis.github.io/zonal-statistics/README.html
CH-BIO bio16 mean monthly precipitation amount of the wettest quarter,CH-BIO,bio16 mean monthly precipitation amount of the wettest quarter,Variables bioclimáticas CHELSA 1981-2010 versión 2.1,numérica,media,cada variable se mide en su propia unidad; algunas usan factor de escalamiento y compensación; consultar fuente original,ca. 1000,CHELSA 1981-2010 v2.1,7,https://geofis.github.io/zonal-statistics/README.html
CH-BIO bio17 mean monthly precipitation amount of the driest quarter,CH-BIO,bio17 mean monthly precipitation amount of the driest quarter,Variables bioclimáticas CHELSA 1981-2010 versión 2.1,numérica,media,cada variable se mide en su propia unidad; algunas usan factor de escalamiento y compensación; consultar fuente original,ca. 1000,CHELSA 1981-2010 v2.1,7,https://geofis.github.io/zonal-statistics/README.html
CH-BIO bio18 mean monthly precipitation amount of the warmest quarter,CH-BIO,bio18 mean monthly precipitation amount of the warmest quarter,Variables bioclimáticas CHELSA 1981-2010 versión 2.1,numérica,media,cada variable se mide en su propia unidad; algunas usan factor de escalamiento y compensación; consultar fuente original,ca. 1000,CHELSA 1981-2010 v2.1,7,https://geofis.github.io/zonal-statistics/README.html
CH-BIO bio19 mean monthly precipitation amount of the coldest quarter,CH-BIO,bio19 mean monthly precipitation amount of the coldest quarter,Variables bioclimáticas CHELSA 1981-2010 versión 2.1,numérica,media,cada variable se mide en su propia unidad; algunas usan factor de escalamiento y compensación; consultar fuente original,ca. 1000,CHELSA 1981-2010 v2.1,7,https://geofis.github.io/zonal-statistics/README.html
G90 Compound Topographic Index,G90,Compound Topographic Index,Variables geomorfométricas cuantitativas del conjunto de datos Geomorpho90m,numérica,media,"en general, índices adimensionales salvo slope (grados); consultar fuente original",90,Geomorpho90m,7,https://geofis.github.io/zonal-statistics/README.html
G90 Roughness,G90,Roughness,Variables geomorfométricas cuantitativas del conjunto de datos Geomorpho90m,numérica,media,"en general, índices adimensionales salvo slope (grados); consultar fuente original",90,Geomorpho90m,7,https://geofis.github.io/zonal-statistics/README.html
G90 Slope,G90,Slope,Variables geomorfométricas cuantitativas del conjunto de datos Geomorpho90m,numérica,media,"en general, índices adimensionales salvo slope (grados); consultar fuente original",90,Geomorpho90m,7,https://geofis.github.io/zonal-statistics/README.html
G90 Stream Power Index,G90,Stream Power Index,Variables geomorfométricas cuantitativas del conjunto de datos Geomorpho90m,numérica,media,"en general, índices adimensionales salvo slope (grados); consultar fuente original",90,Geomorpho90m,7,https://geofis.github.io/zonal-statistics/README.html
G90 Terrain Ruggedness Index,G90,Terrain Ruggedness Index,Variables geomorfométricas cuantitativas del conjunto de datos Geomorpho90m,numérica,media,"en general, índices adimensionales salvo slope (grados); consultar fuente original",90,Geomorpho90m,7,https://geofis.github.io/zonal-statistics/README.html
G90 Topographic Position Index,G90,Topographic Position Index,Variables geomorfométricas cuantitativas del conjunto de datos Geomorpho90m,numérica,media,"en general, índices adimensionales salvo slope (grados); consultar fuente original",90,Geomorpho90m,7,https://geofis.github.io/zonal-statistics/README.html
G90 Vector Ruggedness Measure,G90,Vector Ruggedness Measure,Variables geomorfométricas cuantitativas del conjunto de datos Geomorpho90m,numérica,media,"en general, índices adimensionales salvo slope (grados); consultar fuente original",90,Geomorpho90m,7,https://geofis.github.io/zonal-statistics/README.html
G90-GEOM flat,G90-GEOM,flat,Geomórfonos del conjunto de datos Geomorpho90m,categórica,frecuencia relativa respecto de celdas no nulas x 100,porcentaje,90,Geomorpho90m — geomórfonos,7,https://geofis.github.io/zonal-statistics/README.html
G90-GEOM pit,G90-GEOM,pit,Geomórfonos del conjunto de datos Geomorpho90m,categórica,frecuencia relativa respecto de celdas no nulas x 100,porcentaje,90,Geomorpho90m — geomórfonos,7,https://geofis.github.io/zonal-statistics/README.html
G90-GEOM peak,G90-GEOM,peak,Geomórfonos del conjunto de datos Geomorpho90m,categórica,frecuencia relativa respecto de celdas no nulas x 100,porcentaje,90,Geomorpho90m — geomórfonos,7,https://geofis.github.io/zonal-statistics/README.html
G90-GEOM ridge,G90-GEOM,ridge,Geomórfonos del conjunto de datos Geomorpho90m,categórica,frecuencia relativa respecto de celdas no nulas x 100,porcentaje,90,Geomorpho90m — geomórfonos,7,https://geofis.github.io/zonal-statistics/README.html
G90-GEOM shoulder,G90-GEOM,shoulder,Geomórfonos del conjunto de datos Geomorpho90m,categórica,frecuencia relativa respecto de celdas no nulas x 100,porcentaje,90,Geomorpho90m — geomórfonos,7,https://geofis.github.io/zonal-statistics/README.html
G90-GEOM spur,G90-GEOM,spur,Geomórfonos del conjunto de datos Geomorpho90m,categórica,frecuencia relativa respecto de celdas no nulas x 100,porcentaje,90,Geomorpho90m — geomórfonos,7,https://geofis.github.io/zonal-statistics/README.html
G90-GEOM slope,G90-GEOM,slope,Geomórfonos del conjunto de datos Geomorpho90m,categórica,frecuencia relativa respecto de celdas no nulas x 100,porcentaje,90,Geomorpho90m — geomórfonos,7,https://geofis.github.io/zonal-statistics/README.html
G90-GEOM hollow,G90-GEOM,hollow,Geomórfonos del conjunto de datos Geomorpho90m,categórica,frecuencia relativa respecto de celdas no nulas x 100,porcentaje,90,Geomorpho90m — geomórfonos,7,https://geofis.github.io/zonal-statistics/README.html
G90-GEOM footslope,G90-GEOM,footslope,Geomórfonos del conjunto de datos Geomorpho90m,categórica,frecuencia relativa respecto de celdas no nulas x 100,porcentaje,90,Geomorpho90m — geomórfonos,7,https://geofis.github.io/zonal-statistics/README.html
G90-GEOM valley,G90-GEOM,valley,Geomórfonos del conjunto de datos Geomorpho90m,categórica,frecuencia relativa respecto de celdas no nulas x 100,porcentaje,90,Geomorpho90m — geomórfonos,7,https://geofis.github.io/zonal-statistics/README.html
CGIAR-ELE mean,CGIAR-ELE,mean,"Datos de elevación (huecos rellenos), de la Misión Topográfica del Transbordador Shuttle para el globo, versión 4, de la base de datos del CGIAR-CS",numérica,media,elevación en metros respecto del geoide (aprox. nivel medio del mar),90,CGIAR-CS SRTM v4,7,https://geofis.github.io/zonal-statistics/README.html
GFC-PTC YEAR 2000 mean,GFC-PTC YEAR 2000,mean,"Porcentaje de cobertura arbórea del año 2000, de la base de datos Global Forest Change",numérica,media,cobertura del dosel de árboles para el año 2000; cierre del dosel para vegetación de más de 5 m de altura,30.92,Global Forest Change,7,https://geofis.github.io/zonal-statistics/README.html
GFC-LOSS year 2001,GFC-LOSS,year 2001,"Año de pérdida de cobertura arbórea, de la base de datos Global Forest Change",categórica,frecuencia relativa respecto de celdas no nulas x 100,porcentaje,30.92,Global Forest Change,7,https://geofis.github.io/zonal-statistics/README.html
GFC-LOSS year 2002,GFC-LOSS,year 2002,"Año de pérdida de cobertura arbórea, de la base de datos Global Forest Change",categórica,frecuencia relativa respecto de celdas no nulas x 100,porcentaje,30.92,Global Forest Change,7,https://geofis.github.io/zonal-statistics/README.html
GFC-LOSS year 2003,GFC-LOSS,year 2003,"Año de pérdida de cobertura arbórea, de la base de datos Global Forest Change",categórica,frecuencia relativa respecto de celdas no nulas x 100,porcentaje,30.92,Global Forest Change,7,https://geofis.github.io/zonal-statistics/README.html
GFC-LOSS year 2004,GFC-LOSS,year 2004,"Año de pérdida de cobertura arbórea, de la base de datos Global Forest Change",categórica,frecuencia relativa respecto de celdas no nulas x 100,porcentaje,30.92,Global Forest Change,7,https://geofis.github.io/zonal-statistics/README.html
GFC-LOSS year 2005,GFC-LOSS,year 2005,"Año de pérdida de cobertura arbórea, de la base de datos Global Forest Change",categórica,frecuencia relativa respecto de celdas no nulas x 100,porcentaje,30.92,Global Forest Change,7,https://geofis.github.io/zonal-statistics/README.html
GFC-LOSS year 2006,GFC-LOSS,year 2006,"Año de pérdida de cobertura arbórea, de la base de datos Global Forest Change",categórica,frecuencia relativa respecto de celdas no nulas x 100,porcentaje,30.92,Global Forest Change,7,https://geofis.github.io/zonal-statistics/README.html
GFC-LOSS year 2007,GFC-LOSS,year 2007,"Año de pérdida de cobertura arbórea, de la base de datos Global Forest Change",categórica,frecuencia relativa respecto de celdas no nulas x 100,porcentaje,30.92,Global Forest Change,7,https://geofis.github.io/zonal-statistics/README.html
GFC-LOSS year 2008,GFC-LOSS,year 2008,"Año de pérdida de cobertura arbórea, de la base de datos Global Forest Change",categórica,frecuencia relativa respecto de celdas no nulas x 100,porcentaje,30.92,Global Forest Change,7,https://geofis.github.io/zonal-statistics/README.html
GFC-LOSS year 2009,GFC-LOSS,year 2009,"Año de pérdida de cobertura arbórea, de la base de datos Global Forest Change",categórica,frecuencia relativa respecto de celdas no nulas x 100,porcentaje,30.92,Global Forest Change,7,https://geofis.github.io/zonal-statistics/README.html
GFC-LOSS year 2010,GFC-LOSS,year 2010,"Año de pérdida de cobertura arbórea, de la base de datos Global Forest Change",categórica,frecuencia relativa respecto de celdas no nulas x 100,porcentaje,30.92,Global Forest Change,7,https://geofis.github.io/zonal-statistics/README.html
GFC-LOSS year 2011,GFC-LOSS,year 2011,"Año de pérdida de cobertura arbórea, de la base de datos Global Forest Change",categórica,frecuencia relativa respecto de celdas no nulas x 100,porcentaje,30.92,Global Forest Change,7,https://geofis.github.io/zonal-statistics/README.html
GFC-LOSS year 2012,GFC-LOSS,year 2012,"Año de pérdida de cobertura arbórea, de la base de datos Global Forest Change",categórica,frecuencia relativa respecto de celdas no nulas x 100,porcentaje,30.92,Global Forest Change,7,https://geofis.github.io/zonal-statistics/README.html
GFC-LOSS year 2013,GFC-LOSS,year 2013,"Año de pérdida de cobertura arbórea, de la base de datos Global Forest Change",categórica,frecuencia relativa respecto de celdas no nulas x 100,porcentaje,30.92,Global Forest Change,7,https://geofis.github.io/zonal-statistics/README.html
GFC-LOSS year 2014,GFC-LOSS,year 2014,"Año de pérdida de cobertura arbórea, de la base de datos Global Forest Change",categórica,frecuencia relativa respecto de celdas no nulas x 100,porcentaje,30.92,Global Forest Change,7,https://geofis.github.io/zonal-statistics/README.html
GFC-LOSS year 2015,GFC-LOSS,year 2015,"Año de pérdida de cobertura arbórea, de la base de datos Global Forest Change",categórica,frecuencia relativa respecto de celdas no nulas x 100,porcentaje,30.92,Global Forest Change,7,https://geofis.github.io/zonal-statistics/README.html
GFC-LOSS year 2016,GFC-LOSS,year 2016,"Año de pérdida de cobertura arbórea, de la base de datos Global Forest Change",categórica,frecuencia relativa respecto de celdas no nulas x 100,porcentaje,30.92,Global Forest Change,7,https://geofis.github.io/zonal-statistics/README.html
GFC-LOSS year 2017,GFC-LOSS,year 2017,"Año de pérdida de cobertura arbórea, de la base de datos Global Forest Change",categórica,frecuencia relativa respecto de celdas no nulas x 100,porcentaje,30.92,Global Forest Change,7,https://geofis.github.io/zonal-statistics/README.html
GFC-LOSS year 2018,GFC-LOSS,year 2018,"Año de pérdida de cobertura arbórea, de la base de datos Global Forest Change",categórica,frecuencia relativa respecto de celdas no nulas x 100,porcentaje,30.92,Global Forest Change,7,https://geofis.github.io/zonal-statistics/README.html
GFC-LOSS year 2019,GFC-LOSS,year 2019,"Año de pérdida de cobertura arbórea, de la base de datos Global Forest Change",categórica,frecuencia relativa respecto de celdas no nulas x 100,porcentaje,30.92,Global Forest Change,7,https://geofis.github.io/zonal-statistics/README.html
GFC-LOSS year 2020,GFC-LOSS,year 2020,"Año de pérdida de cobertura arbórea, de la base de datos Global Forest Change",categórica,frecuencia relativa respecto de celdas no nulas x 100,porcentaje,30.92,Global Forest Change,7,https://geofis.github.io/zonal-statistics/README.html
GFC-LOSS year 2021,GFC-LOSS,year 2021,"Año de pérdida de cobertura arbórea, de la base de datos Global Forest Change",categórica,frecuencia relativa respecto de celdas no nulas x 100,porcentaje,30.92,Global Forest Change,7,https://geofis.github.io/zonal-statistics/README.html
OSM-DIST mean,OSM-DIST,mean,"Distancia a carreteras y caminos de OpenStreetMap, generada a partir de la base de datos de OSM",numérica,media,metros,10,OpenStreetMap,7,https://geofis.github.io/zonal-statistics/README.html
GP-CONSUNadj YEAR 2020 sum,GP-CONSUNadj YEAR 2020,sum,Proyecto Datos Globales de Población. Estimaciones restringidas por asentamientos y ajustadas a proyecciones de Naciones Unidas,numérica,suma,número de personas,92.77,WorldPop,7,https://geofis.github.io/zonal-statistics/README.html
