occurrenceID,gbifID,especie,scientificName,family,genus,taxonRank,basisOfRecord,eventDate,year,decimalLongitude,decimalLatitude,coordinateUncertaintyInMeters,datasetKey,institutionCode,collectionCode,provincia_codigo,municipio_codigo,municipio,id_municipio,hex_id
040a24a1-ff68-492a-9512-df4f096259fd,1927824877,Malachra alceifolia,Malachra alceifolia Jacq.,Malvaceae,Malachra,SPECIES,PRESERVED_SPECIMEN,1980-12-09,1980,-69.68,18.6,NA,d415c253-4d61-4459-9d25-4015b9084fb0,NY,NY,32,05,SAN ANTONIO DE GUERRA,103205,874cd5ca0ffffff
05b186b7-99d3-4f04-a3bc-a2bbfaafdbcc,3754819465,Pilotrichella flexilis,Pilotrichella flexilis (Hedw.) Ångstr.,Lembophyllaceae,Pilotrichella,SPECIES,PRESERVED_SPECIMEN,1967-07,1967,-69.626195,18.59451,897,16630817-fd43-49d6-bfff-ae5ffa473724,TENN,,32,05,SAN ANTONIO DE GUERRA,103205,874cd5c10ffffff
06f7c38d-e3cb-4c38-829e-09de80711074,1927866061,Sida urens,Sida urens L.,Malvaceae,Sida,SPECIES,PRESERVED_SPECIMEN,1980-12-09,1980,-69.63,18.5917,NA,d415c253-4d61-4459-9d25-4015b9084fb0,NY,NY,32,05,SAN ANTONIO DE GUERRA,103205,874cd5c13ffffff
07900ef2-5a15-4fc0-9f5d-2733a3166445,1927874924,Melochia spicata,Melochia spicata (L.) Fryxell,Malvaceae,Melochia,SPECIES,PRESERVED_SPECIMEN,1980-12-09,1980,-69.68,18.6,NA,d415c253-4d61-4459-9d25-4015b9084fb0,NY,NY,32,05,SAN ANTONIO DE GUERRA,103205,874cd5ca0ffffff
0A9166DD-727D-4964-8D11-7CD7B934175D,1503315535,Ruellia blechum,Ruellia blechum L.,Acanthaceae,Ruellia,SPECIES,PRESERVED_SPECIMEN,1970-05-28,1970,-69.6687,18.5395,NA,af1b4db0-c8ce-4a95-b700-8a6a02bed9d6,USF,Herb,32,05,SAN ANTONIO DE GUERRA,103205,874cd5c8cffffff
0E9FD072-6616-431E-8082-93798AAA21FE,1657210998,Euphorbia thymifolia,Euphorbia thymifolia L.,Euphorbiaceae,Euphorbia,SPECIES,PRESERVED_SPECIMEN,1971-02-20,1971,-69.701,18.5589,NA,af1b4db0-c8ce-4a95-b700-8a6a02bed9d6,USF,Herb,32,05,SAN ANTONIO DE GUERRA,103205,874cd5c80ffffff
0ac2af9c-17a0-436e-ac85-5cc81de3b9f6,1927919456,Corchorus aestuans,Corchorus aestuans L.,Malvaceae,Corchorus,SPECIES,PRESERVED_SPECIMEN,1980-12-09,1980,-69.68,18.6,NA,d415c253-4d61-4459-9d25-4015b9084fb0,NY,NY,32,05,SAN ANTONIO DE GUERRA,103205,874cd5ca0ffffff
0b79d5da-5e66-41bd-b473-f4f8f1d91e3c,1927929752,Pontederia azurea,Eichhornia azurea (Sw.) Kunth,Pontederiaceae,Pontederia,SPECIES,PRESERVED_SPECIMEN,1980-12-09,1980,-69.73,18.5917,NA,d415c253-4d61-4459-9d25-4015b9084fb0,NY,NY,32,05,SAN ANTONIO DE GUERRA,103205,874cd5cb1ffffff
0ce4fe38-7ad0-41e4-9c01-70e5938067d1,1927949650,Microtea portoricensis,Microtea portoricensis Urb.,Microteaceae,Microtea,SPECIES,PRESERVED_SPECIMEN,1981-09-07,1981,-69.5917,18.63,NA,d415c253-4d61-4459-9d25-4015b9084fb0,NY,NY,32,05,SAN ANTONIO DE GUERRA,103205,874cd5c31ffffff
106fee56-287c-4465-b04a-04eb9421bac4,1927999751,Sagittaria lancifolia,Sagittaria lancifolia L.,Alismataceae,Sagittaria,SPECIES,PRESERVED_SPECIMEN,1980-12-09,1980,-69.73,18.5917,NA,d415c253-4d61-4459-9d25-4015b9084fb0,NY,NY,32,05,SAN ANTONIO DE GUERRA,103205,874cd5cb1ffffff
11116d581db22a7319c29c648c14d9f8,1896073962,Melochia spicata,Melochia villosa (Mill.) Fawc. & Rendle,Malvaceae,Melochia,SPECIES,PRESERVED_SPECIMEN,1980-12-09,1980,-69.685556,18.604444,NA,7fd2f6e2-f762-11e1-a439-00145eb45e9a,ENCB-IPN,ENCB,32,05,SAN ANTONIO DE GUERRA,103205,874cd5ca0ffffff
196d51f2-b036-427b-b56a-ec9bdc0543a0,1928126531,Oldenlandia corymbosa,Oldenlandia herbacea DC.,Rubiaceae,Oldenlandia,SPECIES,PRESERVED_SPECIMEN,1971-01-23,1971,-69.66097,18.62174,282.57,d415c253-4d61-4459-9d25-4015b9084fb0,NY,NY,32,05,SAN ANTONIO DE GUERRA,103205,874cd5d8bffffff
1ba3a713-8b18-42d6-aab3-8dffc0b2fbcd,1928157047,Mammea americana,Mammea americana L.,Calophyllaceae,Mammea,SPECIES,PRESERVED_SPECIMEN,1981-05-14,1981,-69.73,18.57,NA,d415c253-4d61-4459-9d25-4015b9084fb0,NY,NY,32,05,SAN ANTONIO DE GUERRA,103205,874cd5c86ffffff
20361151-8944-47B3-8CF6-45A966C246B1,123024091,Zanthoxylum martinicense,Zanthoxylum martinicense (Lam.) DC.,Rutaceae,Zanthoxylum,SPECIES,PRESERVED_SPECIMEN,1990-06-23,1990,-69.6,18.6,NA,832cb04e-f762-11e1-a439-00145eb45e9a,FTG,Herbarium,32,05,SAN ANTONIO DE GUERRA,103205,874cd5c02ffffff
204c69b4-68f4-4678-b867-75d29ae17985,1928226682,Cardiospermum microcarpum,Cardiospermum halicacabum var. microcarpum (Kunth) Blume,Sapindaceae,Cardiospermum,VARIETY,PRESERVED_SPECIMEN,1981-09-07,1981,-69.6417,18.63,NA,d415c253-4d61-4459-9d25-4015b9084fb0,NY,NY,32,05,SAN ANTONIO DE GUERRA,103205,874cd5d89ffffff
2071dfa7-e821-4fed-a23e-6cba79a3639c,1928228605,Pseudelephantopus spicatus,Pseudelephantopus spicatus (Juss. ex Aubl.) Rohr,Asteraceae,Pseudelephantopus,SPECIES,PRESERVED_SPECIMEN,1980-12-09,1980,-69.63,18.5917,NA,d415c253-4d61-4459-9d25-4015b9084fb0,NY,NY,32,05,SAN ANTONIO DE GUERRA,103205,874cd5c13ffffff
20a54471-91fc-4ea7-8f69-4c0a16cd5b6b,1928231322,Ipomoea tiliacea,Ipomoea tiliacea (Willd.) Choisy,Convolvulaceae,Ipomoea,SPECIES,PRESERVED_SPECIMEN,1980-12-09,1980,-69.73,18.5917,NA,d415c253-4d61-4459-9d25-4015b9084fb0,NY,NY,32,05,SAN ANTONIO DE GUERRA,103205,874cd5cb1ffffff
219f5848c636f4c853c7975ad5ff012c,1896080878,Malachra alceifolia,Malachra alceifolia Jacq.,Malvaceae,Malachra,SPECIES,PRESERVED_SPECIMEN,1980-12-09,1980,-69.685556,18.604444,NA,7fd2f6e2-f762-11e1-a439-00145eb45e9a,ENCB-IPN,ENCB,32,05,SAN ANTONIO DE GUERRA,103205,874cd5ca0ffffff
244a808c-90f9-4336-8ebd-6c1ab07921c3,1928282349,Cyperus digitatus,Cyperus digitatus Roxb.,Cyperaceae,Cyperus,SPECIES,PRESERVED_SPECIMEN,1980-12-09,1980,-69.68,18.6,NA,d415c253-4d61-4459-9d25-4015b9084fb0,NY,NY,32,05,SAN ANTONIO DE GUERRA,103205,874cd5ca0ffffff
2e679a05-1e8d-4ff4-ae4d-e67086c3e2d9,1928426594,Heliconia caribaea,Heliconia caribaea Lam.,Heliconiaceae,Heliconia,SPECIES,PRESERVED_SPECIMEN,1981-09-07,1981,-69.6472,18.63,NA,d415c253-4d61-4459-9d25-4015b9084fb0,NY,NY,32,05,SAN ANTONIO DE GUERRA,103205,874cd5d89ffffff
2fcefa75-7f58-453e-801c-6c35bdca2767,1928444490,Zanthoxylum martinicense,Zanthoxylum martinicense (Lam.) DC.,Rutaceae,Zanthoxylum,SPECIES,PRESERVED_SPECIMEN,1990-06-23,1990,-69.6,18.6,NA,d415c253-4d61-4459-9d25-4015b9084fb0,NY,NY,32,05,SAN ANTONIO DE GUERRA,103205,874cd5c02ffffff
3400bd87-56c5-406a-86ce-47f91d052497,1928504264,"Chara Linnaeus, 1753","Chara Linnaeus, 1753",Characeae,Chara,GENUS,PRESERVED_SPECIMEN,1980-12-09,1980,-69.62,18.57,NA,d415c253-4d61-4459-9d25-4015b9084fb0,NY,NY,32,05,SAN ANTONIO DE GUERRA,103205,874cd5c1effffff
348e168a-8d5b-4738-ad7b-c7fa645c0ac3,1928511413,Malachra fasciata,Malachra fasciata Jacq.,Malvaceae,Malachra,SPECIES,PRESERVED_SPECIMEN,1980-12-09,1980,-69.68,18.6,NA,d415c253-4d61-4459-9d25-4015b9084fb0,NY,NY,32,05,SAN ANTONIO DE GUERRA,103205,874cd5ca0ffffff
35223c1f8221a0b83fe68e3c3a00d365,1896080244,Persicaria punctata,Polygonum punctatum Elliott,Polygonaceae,Persicaria,SPECIES,PRESERVED_SPECIMEN,1980-12-09,1980,-69.675278,18.524444,NA,7fd2f6e2-f762-11e1-a439-00145eb45e9a,ENCB-IPN,ENCB,32,05,SAN ANTONIO DE GUERRA,103205,874cd5c88ffffff
35fe4fee-40fd-4eaa-ada7-c102a98bda86,1928531932,Ludwigia erecta,Ludwigia erecta (L.) H.Hara,Onagraceae,Ludwigia,SPECIES,PRESERVED_SPECIMEN,1980-12-09,1980,-69.68,18.6,NA,d415c253-4d61-4459-9d25-4015b9084fb0,NY,NY,32,05,SAN ANTONIO DE GUERRA,103205,874cd5ca0ffffff
386f4426-f894-457d-b4d8-02c13955cf69,1928565720,Rhynchospora holoschoenoides,Rhynchospora holoschoenoides (Rich.) Herter,Cyperaceae,Rhynchospora,SPECIES,PRESERVED_SPECIMEN,1980-12-09,1980,-69.62,18.57,NA,d415c253-4d61-4459-9d25-4015b9084fb0,NY,NY,32,05,SAN ANTONIO DE GUERRA,103205,874cd5c1effffff
40f7b60b-a245-47b1-90a2-a9309acb37a0,1928686818,Aeschynomene sensitiva,Aeschynomene sensitiva Sw.,Fabaceae,Aeschynomene,SPECIES,PRESERVED_SPECIMEN,1980-12-09,1980,-69.62,18.57,NA,d415c253-4d61-4459-9d25-4015b9084fb0,NY,NY,32,05,SAN ANTONIO DE GUERRA,103205,874cd5c1effffff
42567b52-8e2e-4e46-939a-3794d80855ea,1928705687,Spiracantha cornifolia,Spiracantha cornifolia Kunth,Asteraceae,Spiracantha,SPECIES,PRESERVED_SPECIMEN,1980-12-09,1980,-69.62,18.57,NA,d415c253-4d61-4459-9d25-4015b9084fb0,NY,NY,32,05,SAN ANTONIO DE GUERRA,103205,874cd5c1effffff
4293fb28e46db54fa2341e0691e1f15c,1896056693,Senega Spach,Senega Spach,Polygalaceae,Senega,GENUS,PRESERVED_SPECIMEN,1971-09-28,1971,-69.675278,18.524444,NA,7fd2f6e2-f762-11e1-a439-00145eb45e9a,ENCB-IPN,ENCB,32,05,SAN ANTONIO DE GUERRA,103205,874cd5c88ffffff
438d909d-262d-43ed-a4c4-4d6adc10a393,4076801964,Chara zeylanica,Chara zeylanica Willdenow,Characeae,Chara,SPECIES,PRESERVED_SPECIMEN,1980-12-09,1980,-69.616667,18.566667,NA,f8596199-7078-4aa8-9022-ce8666fe68d0,FLAS,,32,05,SAN ANTONIO DE GUERRA,103205,874cd5c1effffff
43f5cbd3-95df-40a1-ada7-1a0d4cabcb68,1928729732,Ludwigia peploides,Ludwigia peploides subsp. peploides,Onagraceae,Ludwigia,SUBSPECIES,PRESERVED_SPECIMEN,1980-12-09,1980,-69.68,18.6,NA,d415c253-4d61-4459-9d25-4015b9084fb0,NY,NY,32,05,SAN ANTONIO DE GUERRA,103205,874cd5ca0ffffff
44d7c112-9594-4d35-989d-a4a0096640b7,1928741422,Ficus crocata,Ficus crocata (Miq.) Mart. ex Miq.,Moraceae,Ficus,SPECIES,PRESERVED_SPECIMEN,1981-05-14,1981,-69.7417,18.57,NA,d415c253-4d61-4459-9d25-4015b9084fb0,NY,NY,32,05,SAN ANTONIO DE GUERRA,103205,874cd5c95ffffff
4d3ab32f-54e0-4ad7-b416-0a4585493838,1928860060,Aeschynomene pratensis,Aeschynomene pratensis Small,Fabaceae,Aeschynomene,SPECIES,PRESERVED_SPECIMEN,1980-12-09,1980,-69.63,18.5917,NA,d415c253-4d61-4459-9d25-4015b9084fb0,NY,NY,32,05,SAN ANTONIO DE GUERRA,103205,874cd5c13ffffff
4ec414cc-aec6-49e7-96b6-b87e2443ddcc,3950033301,Rhacocarpus purpurascens,Rhacocarpus humboldtii (Hook.) Lindb.,Hedwigiaceae,Rhacocarpus,SPECIES,PRESERVED_SPECIMEN,1967-07,1967,-69.626195,18.59451,897,16630817-fd43-49d6-bfff-ae5ffa473724,TENN,,32,05,SAN ANTONIO DE GUERRA,103205,874cd5c10ffffff
4f6253aa-9c1e-4e22-acc8-9229c84e58a3,1928891128,Scleria mucronata,Scleria mucronata Poir.,Cyperaceae,Scleria,SPECIES,PRESERVED_SPECIMEN,1986-05-20,1986,-69.75,18.55,NA,d415c253-4d61-4459-9d25-4015b9084fb0,NY,NY,32,05,SAN ANTONIO DE GUERRA,103205,874cd5c91ffffff
5144c4e3-8b7a-430d-be79-308b8e6a428b,1928917183,Rhynchospora holoschoenoides,Rhynchospora holoschoenoides (Rich.) Herter,Cyperaceae,Rhynchospora,SPECIES,PRESERVED_SPECIMEN,1981-09-07,1981,-69.5917,18.63,NA,d415c253-4d61-4459-9d25-4015b9084fb0,NY,NY,32,05,SAN ANTONIO DE GUERRA,103205,874cd5c31ffffff
52469904-E491-4E46-A73F-2A3A4FFD7A3D,123009957,Solanum torvum,Solanum torvum Sw.,Solanaceae,Solanum,SPECIES,PRESERVED_SPECIMEN,1980-12-09,1980,-69.6833,18.6,NA,832cb04e-f762-11e1-a439-00145eb45e9a,FTG,Herbarium,32,05,SAN ANTONIO DE GUERRA,103205,874cd5ca0ffffff
5324cbd7-5ae2-4615-a36f-107f9b89775c,1928943483,Piriqueta cistoides,Piriqueta cistoides (L.) Mey. ex Steud.,Passifloraceae,Piriqueta,SPECIES,PRESERVED_SPECIMEN,1981-09-07,1981,-69.5917,18.63,NA,d415c253-4d61-4459-9d25-4015b9084fb0,NY,NY,32,05,SAN ANTONIO DE GUERRA,103205,874cd5c31ffffff
5665a4e7-eaa9-4416-a04f-d36c8a24c2b1,1928989088,Priva lappulacea,Priva lappulacea (L.) Pers.,Verbenaceae,Priva,SPECIES,PRESERVED_SPECIMEN,1980-12-09,1980,-69.68,18.6,NA,d415c253-4d61-4459-9d25-4015b9084fb0,NY,NY,32,05,SAN ANTONIO DE GUERRA,103205,874cd5ca0ffffff
57e161d3-b2e7-4940-b77f-2a6f30793460,3928959319,Prionodon densus,Prionodon dichotomus Hampe,Prionodontaceae,Prionodon,SPECIES,PRESERVED_SPECIMEN,1967-07,1967,-69.626195,18.59451,897,16630817-fd43-49d6-bfff-ae5ffa473724,TENN,,32,05,SAN ANTONIO DE GUERRA,103205,874cd5c10ffffff
5fb728e3-e36a-464d-afa0-45947856ac14,1929121151,Oryza sativa,Oryza sativa L.,Poaceae,Oryza,SPECIES,PRESERVED_SPECIMEN,1980-12-09,1980,-69.68,18.6,NA,d415c253-4d61-4459-9d25-4015b9084fb0,NY,NY,32,05,SAN ANTONIO DE GUERRA,103205,874cd5ca0ffffff
5fda48a8-b54e-445b-9621-77514d139dce,1929123071,Mimosa pudica,Mimosa pudica var. unijuga (Duchass. & Walp.) Griseb.,Fabaceae,Mimosa,VARIETY,PRESERVED_SPECIMEN,1980-12-09,1980,-69.68,18.6,NA,d415c253-4d61-4459-9d25-4015b9084fb0,NY,NY,32,05,SAN ANTONIO DE GUERRA,103205,874cd5ca0ffffff
60e6190c-3b19-4d52-bbc7-b6ce947e6fa1,1929137935,Psidium guajava,Psidium guajava L.,Myrtaceae,Psidium,SPECIES,PRESERVED_SPECIMEN,1980-12-09,1980,-69.62,18.57,NA,d415c253-4d61-4459-9d25-4015b9084fb0,NY,NY,32,05,SAN ANTONIO DE GUERRA,103205,874cd5c1effffff
6d00a6ea-6a68-4920-be11-3dcad55161cf,1929308135,Hymenachne amplexicaulis,Hymenachne amplexicaulis (Rudge) Nees,Poaceae,Hymenachne,SPECIES,PRESERVED_SPECIMEN,1981-09-07,1981,-69.5917,18.63,NA,d415c253-4d61-4459-9d25-4015b9084fb0,NY,NY,32,05,SAN ANTONIO DE GUERRA,103205,874cd5c31ffffff
6e01b382-b104-4680-a790-fb5438882cb8,1929322477,Crotalaria retusa,Crotalaria retusa L.,Fabaceae,Crotalaria,SPECIES,PRESERVED_SPECIMEN,1980-12-09,1980,-69.68,18.6,NA,d415c253-4d61-4459-9d25-4015b9084fb0,NY,NY,32,05,SAN ANTONIO DE GUERRA,103205,874cd5ca0ffffff
70536584-7235-437a-a2b0-c89c3c736075,4076804013,Chara zeylanica,Chara zeylanica Willdenow,Characeae,Chara,SPECIES,PRESERVED_SPECIMEN,1980-12-09,1980,-69.616667,18.566667,NA,f8596199-7078-4aa8-9022-ce8666fe68d0,FLAS,,32,05,SAN ANTONIO DE GUERRA,103205,874cd5c1effffff
73471d37-5991-4fb7-ac14-374a40092f95,1929396624,Xyris jupicai,Xyris jupicai Rich.,Xyridaceae,Xyris,SPECIES,PRESERVED_SPECIMEN,1971-06-23,1971,-69.66097,18.62174,282.57,d415c253-4d61-4459-9d25-4015b9084fb0,NY,NY,32,05,SAN ANTONIO DE GUERRA,103205,874cd5d8bffffff
768091db-6aa9-4280-aa89-ef09bb47af9d,1929442147,Trichospira verticillata,Trichospira verticillata (L.) S.F.Blake,Asteraceae,Trichospira,SPECIES,PRESERVED_SPECIMEN,1971-01-28,1971,-69.66097,18.62174,282.57,d415c253-4d61-4459-9d25-4015b9084fb0,NY,NY,32,05,SAN ANTONIO DE GUERRA,103205,874cd5d8bffffff
7827075c-fe6f-405b-84ca-d6de13800a58,3950030301,Rhacocarpus purpurascens,Rhacocarpus humboldtii (Hook.) Lindb.,Hedwigiaceae,Rhacocarpus,SPECIES,PRESERVED_SPECIMEN,1967-07,1967,-69.626195,18.59451,897,16630817-fd43-49d6-bfff-ae5ffa473724,TENN,,32,05,SAN ANTONIO DE GUERRA,103205,874cd5c10ffffff
7a420b30-7b89-4519-b8d7-6f2e058fce1b,1929495158,Piriqueta cistoides,Piriqueta cistoides subsp. caroliniana (Walter) Arbo,Passifloraceae,Piriqueta,SUBSPECIES,PRESERVED_SPECIMEN,1971-01-28,1971,-69.66097,18.62174,282.57,d415c253-4d61-4459-9d25-4015b9084fb0,NY,NY,32,05,SAN ANTONIO DE GUERRA,103205,874cd5d8bffffff
8002d173-6b48-4780-85a5-53eb3d407756,1929576082,Sida rhombifolia,Sida rhombifolia L.,Malvaceae,Sida,SPECIES,PRESERVED_SPECIMEN,1980-12-09,1980,-69.68,18.6,NA,d415c253-4d61-4459-9d25-4015b9084fb0,NY,NY,32,05,SAN ANTONIO DE GUERRA,103205,874cd5ca0ffffff
83504f03-eee1-4af7-9346-5f51471b8436,1929623348,Trichospira verticillata,Trichospira verticillata (L.) S.F.Blake,Asteraceae,Trichospira,SPECIES,PRESERVED_SPECIMEN,1981-09-07,1981,-69.5917,18.63,NA,d415c253-4d61-4459-9d25-4015b9084fb0,NY,NY,32,05,SAN ANTONIO DE GUERRA,103205,874cd5c31ffffff
843ca0cd-f244-4c53-b4a2-765a06ed33f5,1929635400,Sida rhombifolia,Sida rhombifolia L.,Malvaceae,Sida,SPECIES,PRESERVED_SPECIMEN,1980-12-09,1980,-69.68,18.6,NA,d415c253-4d61-4459-9d25-4015b9084fb0,NY,NY,32,05,SAN ANTONIO DE GUERRA,103205,874cd5ca0ffffff
844a4bf5-639a-4f15-af02-ececa0c4d5ad,1929636535,Corchorus siliquosus,Corchorus siliquosus L.,Malvaceae,Corchorus,SPECIES,PRESERVED_SPECIMEN,1980-12-09,1980,-69.68,18.6,NA,d415c253-4d61-4459-9d25-4015b9084fb0,NY,NY,32,05,SAN ANTONIO DE GUERRA,103205,874cd5ca0ffffff
8a4674a0-d573-43b4-9cda-94df5a35e920,1929722337,Passiflora suberosa,Passiflora suberosa L.,Passifloraceae,Passiflora,SPECIES,PRESERVED_SPECIMEN,1980-12-09,1980,-69.62,18.57,NA,d415c253-4d61-4459-9d25-4015b9084fb0,NY,NY,32,05,SAN ANTONIO DE GUERRA,103205,874cd5c1effffff
8a56f757-3bcd-4ecf-b6d3-cb2b3f09b60c,1929723322,Persicaria ferruginea,Polygonum ferrugineum Wedd.,Polygonaceae,Persicaria,SPECIES,PRESERVED_SPECIMEN,1981-09-07,1981,-69.5917,18.63,NA,d415c253-4d61-4459-9d25-4015b9084fb0,NY,NY,32,05,SAN ANTONIO DE GUERRA,103205,874cd5c31ffffff
8beb4be5-7334-4a13-8d94-5ef07fa612ce,1929744140,Pontederia azurea,Eichhornia azurea (Sw.) Kunth,Pontederiaceae,Pontederia,SPECIES,PRESERVED_SPECIMEN,1986-05-20,1986,-69.75,18.55,NA,d415c253-4d61-4459-9d25-4015b9084fb0,NY,NY,32,05,SAN ANTONIO DE GUERRA,103205,874cd5c91ffffff
92a9e9ef-1c87-4388-906d-cea6d9e9e981,3754819469,Pilotrichella flexilis,Pilotrichella flexilis (Hedw.) Ångstr.,Lembophyllaceae,Pilotrichella,SPECIES,PRESERVED_SPECIMEN,1967-07,1967,-69.626195,18.59451,897,16630817-fd43-49d6-bfff-ae5ffa473724,TENN,,32,05,SAN ANTONIO DE GUERRA,103205,874cd5c10ffffff
93282f5f-e531-4650-b11e-a55f1c18d0c2,1929845860,Talipariti pernambucense,Hibiscus pernambucensis Arruda,Malvaceae,Talipariti,SPECIES,PRESERVED_SPECIMEN,1991-05-18,1991,-69.63,18.63,NA,d415c253-4d61-4459-9d25-4015b9084fb0,NY,NY,32,05,SAN ANTONIO DE GUERRA,103205,874cd5c32ffffff
95fc4a5a-66c6-4c81-bf40-35a7f26e6184,1929885542,Cuphea parsonsia,Cuphea parsonsia (L.) R.Br. ex Steud.,Lythraceae,Cuphea,SPECIES,PRESERVED_SPECIMEN,1971-01-28,1971,-69.66097,18.62174,282.57,d415c253-4d61-4459-9d25-4015b9084fb0,NY,NY,32,05,SAN ANTONIO DE GUERRA,103205,874cd5d8bffffff
BAFE0E33-1F08-4B8E-A71C-EA8CE263D924,1503211603,Eleocharis acicularis,Cyperus acicularis (L.) With.,Cyperaceae,Eleocharis,SPECIES,PRESERVED_SPECIMEN,1980-12-09,1980,-69.6833,18.6,NA,af1b4db0-c8ce-4a95-b700-8a6a02bed9d6,USF,Herb,32,05,SAN ANTONIO DE GUERRA,103205,874cd5ca0ffffff
FC7E433B-844D-48BA-99AA-B2189D4115B1,122968494,Ludwigia peploides,Ludwigia peploides (Kunth) P.H.Raven,Onagraceae,Ludwigia,SPECIES,PRESERVED_SPECIMEN,1980-12-09,1980,-69.6833,18.6,NA,832cb04e-f762-11e1-a439-00145eb45e9a,FTG,Herbarium,32,05,SAN ANTONIO DE GUERRA,103205,874cd5ca0ffffff
UNA00061899,3744705396,Ludwigia bonariensis,Ludwigia bonariensis (Micheli) H.Hara,Onagraceae,Ludwigia,SPECIES,PRESERVED_SPECIMEN,1980-12-09,1980,-69.73,18.59,NA,84f9770e-f762-11e1-a439-00145eb45e9a,UNA,,32,05,SAN ANTONIO DE GUERRA,103205,874cd5cb1ffffff
UNA00067129,3744721361,Ludwigia octovalvis,Ludwigia octovalvis (Jacq.) P.H.Raven,Onagraceae,Ludwigia,SPECIES,PRESERVED_SPECIMEN,1984-05-02,1984,-69.7,18.57,NA,84f9770e-f762-11e1-a439-00145eb45e9a,UNA,,32,05,SAN ANTONIO DE GUERRA,103205,874cd5c85ffffff
a15dc3d0-12f7-4cc8-8fd0-0668729d2937,1457798797,Hymenachne amplexicaulis,Hymenachne amplexicaulis (Rudge) Nees,Poaceae,Hymenachne,SPECIES,PRESERVED_SPECIMEN,1985-05-20,1985,-69.75,18.55,NA,b89d52a2-861d-4388-adad-c0da3d55fc78,UF,,32,05,SAN ANTONIO DE GUERRA,103205,874cd5c91ffffff
a2f63a52-f021-4ff0-8204-001353edc282,1930072006,Inga vera,Inga vera Willd.,Fabaceae,Inga,SPECIES,PRESERVED_SPECIMEN,1981-09-07,1981,-69.5917,18.63,NA,d415c253-4d61-4459-9d25-4015b9084fb0,NY,NY,32,05,SAN ANTONIO DE GUERRA,103205,874cd5c31ffffff
a59b7c8e-4796-492e-8269-1e413345284e,1930108857,Emilia sonchifolia,Emilia sonchifolia (L.) DC.,Asteraceae,Emilia,SPECIES,PRESERVED_SPECIMEN,1971-01-23,1971,-69.66097,18.62174,282.57,d415c253-4d61-4459-9d25-4015b9084fb0,NY,NY,32,05,SAN ANTONIO DE GUERRA,103205,874cd5d8bffffff
ad88d5c0-5963-4877-9315-2aec58820d3f,1930221113,Pontederia azurea,Eichhornia azurea (Sw.) Kunth,Pontederiaceae,Pontederia,SPECIES,PRESERVED_SPECIMEN,1988-06-09,1988,-69.63,18.62,NA,d415c253-4d61-4459-9d25-4015b9084fb0,NY,NY,32,05,SAN ANTONIO DE GUERRA,103205,874cd5c14ffffff
b2bcc75c-ef20-4d6c-9264-c84f761c37dc,1930294419,Heliconia caribaea,Heliconia caribaea Lam.,Heliconiaceae,Heliconia,SPECIES,PRESERVED_SPECIMEN,1981-09-07,1981,-69.6472,18.63,NA,d415c253-4d61-4459-9d25-4015b9084fb0,NY,NY,32,05,SAN ANTONIO DE GUERRA,103205,874cd5d89ffffff
b2bf7b3a-751d-47a9-b232-900f5a7ae08c,1930294488,Rhynchospora holoschoenoides,Rhynchospora holoschoenoides (Rich.) Herter,Cyperaceae,Rhynchospora,SPECIES,PRESERVED_SPECIMEN,1980-12-09,1980,-69.68,18.6,NA,d415c253-4d61-4459-9d25-4015b9084fb0,NY,NY,32,05,SAN ANTONIO DE GUERRA,103205,874cd5ca0ffffff
b3e49d26-4f14-42e6-a254-90526d620629,5101154893,Malachra radiata,Malachra radiata (L.) L.,Malvaceae,Malachra,SPECIES,PRESERVED_SPECIMEN,1980-12-09,1980,-69.683333,18.6,250,453e3294-97ef-4e1c-87cb-1ef7c5351d8e,DEK,,32,05,SAN ANTONIO DE GUERRA,103205,874cd5ca0ffffff
b5c7cf04-2008-4e14-91b2-b03175114b8c,1930338982,Sida rhombifolia,Sida rhombifolia L.,Malvaceae,Sida,SPECIES,PRESERVED_SPECIMEN,1980-12-09,1980,-69.68,18.6,NA,d415c253-4d61-4459-9d25-4015b9084fb0,NY,NY,32,05,SAN ANTONIO DE GUERRA,103205,874cd5ca0ffffff
b7ec5c77-f7ac-4c04-b8fe-2805c3c0a0e9,1930367373,Distimake quinquefolius,Merremia quinquefolia (L.) Hallier fil.,Convolvulaceae,Distimake,SPECIES,PRESERVED_SPECIMEN,1980-12-09,1980,-69.68,18.6,NA,d415c253-4d61-4459-9d25-4015b9084fb0,NY,NY,32,05,SAN ANTONIO DE GUERRA,103205,874cd5ca0ffffff
ba21abae-5f8b-4a52-8cc8-2f97c01935e8,1930399055,Hymenachne amplexicaulis,Hymenachne amplexicaulis (Rudge) Nees,Poaceae,Hymenachne,SPECIES,PRESERVED_SPECIMEN,1980-12-09,1980,-69.68,18.6,NA,d415c253-4d61-4459-9d25-4015b9084fb0,NY,NY,32,05,SAN ANTONIO DE GUERRA,103205,874cd5ca0ffffff
ba948852-2eef-4fcd-83f5-6dac5133e207,1304204708,Solanum torvum,Solanum torvum Sw.,Solanaceae,Solanum,SPECIES,OCCURRENCE,,NA,-69.683333,18.6,NA,07044577-bd82-4089-9f3a-f4a9d2170b2e,PBI_NHM,,32,05,SAN ANTONIO DE GUERRA,103205,874cd5ca0ffffff
bb5ec27a-1a4d-4a7c-bc9d-cc34d860a315,1930416843,Spiracantha cornifolia,Spiracantha cornifolia Kunth,Asteraceae,Spiracantha,SPECIES,PRESERVED_SPECIMEN,1971-01-23,1971,-69.66097,18.62174,282.57,d415c253-4d61-4459-9d25-4015b9084fb0,NY,NY,32,05,SAN ANTONIO DE GUERRA,103205,874cd5d8bffffff
bf5bb67f-c7ad-4d10-a751-48d88ea6c543,1930472896,Eleocharis interstincta,Eleocharis interstincta (Vahl) Roem. & Schult.,Cyperaceae,Eleocharis,SPECIES,PRESERVED_SPECIMEN,1980-12-09,1980,-69.68,18.6,NA,d415c253-4d61-4459-9d25-4015b9084fb0,NY,NY,32,05,SAN ANTONIO DE GUERRA,103205,874cd5ca0ffffff
c2825f4d-dd25-4a38-b7d7-41b9b281ef2c,4079747872,Centrosema pubescens,Centrosema pubescens Benth.,Fabaceae,Centrosema,SPECIES,PRESERVED_SPECIMEN,1973-12-08,1973,-69.683328,18.600033,82,3b040a48-deae-485c-95b1-2ac80b7fdc54,IIBZ,USD,32,05,SAN ANTONIO DE GUERRA,103205,874cd5ca0ffffff
c2ddb6be-d857-4e4a-9a87-4f84386db4e0,1930522749,Spondias dulcis,Spondias dulcis Parkinson,Anacardiaceae,Spondias,SPECIES,PRESERVED_SPECIMEN,1981-09-07,1981,-69.6417,18.63,NA,d415c253-4d61-4459-9d25-4015b9084fb0,NY,NY,32,05,SAN ANTONIO DE GUERRA,103205,874cd5d89ffffff
c448f0f0-6151-4686-8db0-5b60277d9b89,1930542965,Flemingia strobilifera,Flemingia strobilifera (L.) W.T.Aiton,Fabaceae,Flemingia,SPECIES,PRESERVED_SPECIMEN,1980-12-09,1980,-69.68,18.6,NA,d415c253-4d61-4459-9d25-4015b9084fb0,NY,NY,32,05,SAN ANTONIO DE GUERRA,103205,874cd5ca0ffffff
c78e9787-b18c-48c1-bbd7-59d7d6fb92b7,1930589011,Solanum torvum,Solanum torvum Sw.,Solanaceae,Solanum,SPECIES,PRESERVED_SPECIMEN,1980-12-09,1980,-69.68,18.6,NA,d415c253-4d61-4459-9d25-4015b9084fb0,NY,NY,32,05,SAN ANTONIO DE GUERRA,103205,874cd5ca0ffffff
c81ae372-1dbb-49a0-b675-022e2fa7df03,1930596779,Cyperus odoratus,Cyperus odoratus L.,Cyperaceae,Cyperus,SPECIES,PRESERVED_SPECIMEN,1980-12-09,1980,-69.68,18.6,NA,d415c253-4d61-4459-9d25-4015b9084fb0,NY,NY,32,05,SAN ANTONIO DE GUERRA,103205,874cd5ca0ffffff
cad24e86-fe67-4056-94e5-94a12dba3c84,1930635013,Sida glabra,Sida glabra Mill.,Malvaceae,Sida,SPECIES,PRESERVED_SPECIMEN,1980-12-09,1980,-69.68,18.6,NA,d415c253-4d61-4459-9d25-4015b9084fb0,NY,NY,32,05,SAN ANTONIO DE GUERRA,103205,874cd5ca0ffffff
cb039656-75ea-4d39-85a2-52f7f107f242,1930637450,Clusia rosea,Clusia rosea Jacq.,Clusiaceae,Clusia,SPECIES,PRESERVED_SPECIMEN,1980-12-09,1980,-69.67,18.58,NA,d415c253-4d61-4459-9d25-4015b9084fb0,NY,NY,32,05,SAN ANTONIO DE GUERRA,103205,874cd5caeffffff
cc6b2065-a592-4dd0-b848-d7bc6fe932f8,3467911082,Bucklandiella crispula,Racomitrium crispulum (Hook. f. & Wilson) Wilson,Grimmiaceae,Bucklandiella,SPECIES,PRESERVED_SPECIMEN,1967-07,1967,-69.626195,18.59451,897,16630817-fd43-49d6-bfff-ae5ffa473724,TENN,,32,05,SAN ANTONIO DE GUERRA,103205,874cd5c10ffffff
cea008f9-4bf5-4d4f-83af-f16c6547c212,1930687924,Sphagneticola trilobata,Sphagneticola trilobata (L.) Pruski,Asteraceae,Sphagneticola,SPECIES,PRESERVED_SPECIMEN,1981-05-14,1981,-69.73,18.57,NA,d415c253-4d61-4459-9d25-4015b9084fb0,NY,NY,32,05,SAN ANTONIO DE GUERRA,103205,874cd5c86ffffff
d075a9d8-520f-4cf9-8469-9a2be3698d4c,1930713735,Scleria gaertneri,Scleria gaertneri Raddi,Cyperaceae,Scleria,SPECIES,PRESERVED_SPECIMEN,1980-12-09,1980,-69.62,18.57,NA,d415c253-4d61-4459-9d25-4015b9084fb0,NY,NY,32,05,SAN ANTONIO DE GUERRA,103205,874cd5c1effffff
d09d1c02-ee8f-4a4d-89b6-616e917aac33,1930717289,Lippia stoechadifolia,Phyla stoechadifolia (L.) Small,Verbenaceae,Lippia,SPECIES,PRESERVED_SPECIMEN,1989-06-02,1989,-69.62,18.52,NA,d415c253-4d61-4459-9d25-4015b9084fb0,NY,NY,32,05,SAN ANTONIO DE GUERRA,103205,874cd5cf0ffffff
d4f6f3c1-e7f6-4a29-8131-973ea187ad51,4079748086,Chamaecrista diphylla,Chamaecrista diphylla (L.) Greene,Fabaceae,Chamaecrista,SPECIES,PRESERVED_SPECIMEN,1954-11-05,1954,-69.70302,18.556889,1123,3b040a48-deae-485c-95b1-2ac80b7fdc54,IIBZ,USD,32,05,SAN ANTONIO DE GUERRA,103205,874cd5c80ffffff
d58f98eb-50f9-4229-8ed1-487ad3a67526,1930786364,Luziola subintegra,Luziola subintegra Swallen,Poaceae,Luziola,SPECIES,PRESERVED_SPECIMEN,1988-06-09,1988,-69.63,18.62,NA,d415c253-4d61-4459-9d25-4015b9084fb0,NY,NY,32,05,SAN ANTONIO DE GUERRA,103205,874cd5c14ffffff
d7197cce-fbac-4deb-a286-97277c72ddcd,1930808226,Hymenachne amplexicaulis,Hymenachne amplexicaulis (Rudge) Nees,Poaceae,Hymenachne,SPECIES,PRESERVED_SPECIMEN,1980-12-09,1980,-69.62,18.57,NA,d415c253-4d61-4459-9d25-4015b9084fb0,NY,NY,32,05,SAN ANTONIO DE GUERRA,103205,874cd5c1effffff
d9c96407-f5d9-4675-b323-46789293aec1,1930847447,Pteris vittata,Pteris vittata L.,Pteridaceae,Pteris,SPECIES,PRESERVED_SPECIMEN,1989-06-02,1989,-69.62,18.52,NA,d415c253-4d61-4459-9d25-4015b9084fb0,NY,NY,32,05,SAN ANTONIO DE GUERRA,103205,874cd5cf0ffffff
db0782e3-3635-4330-8891-404c2442cd64,1930863673,Spondias dulcis,Spondias dulcis Parkinson,Anacardiaceae,Spondias,SPECIES,PRESERVED_SPECIMEN,1981-09-07,1981,-69.6417,18.63,NA,d415c253-4d61-4459-9d25-4015b9084fb0,NY,NY,32,05,SAN ANTONIO DE GUERRA,103205,874cd5d89ffffff
db9d5bd2-2fd4-4bbc-bc92-d3922bfa82e0,1930871652,Nymphoides indica,Nymphoides indica (L.) Kuntze,Menyanthaceae,Nymphoides,SPECIES,PRESERVED_SPECIMEN,1980-12-09,1980,-69.63,18.5917,NA,d415c253-4d61-4459-9d25-4015b9084fb0,NY,NY,32,05,SAN ANTONIO DE GUERRA,103205,874cd5c13ffffff
dc5ae0cc-d96f-486f-9eb7-2102b0c76f10,1930881724,Eclipta prostrata,Eclipta prostrata (L.) L.,Asteraceae,Eclipta,SPECIES,PRESERVED_SPECIMEN,1989-06-02,1989,-69.62,18.52,NA,d415c253-4d61-4459-9d25-4015b9084fb0,NY,NY,32,05,SAN ANTONIO DE GUERRA,103205,874cd5cf0ffffff
e03db8d2-c01a-4aee-9ebb-96d5815aac28,5074157515,Corchorus siliquosus,Corchorus siliquosus L.,Malvaceae,Corchorus,SPECIES,PRESERVED_SPECIMEN,1980-12-09,1980,-69.683333,18.6,250,453e3294-97ef-4e1c-87cb-1ef7c5351d8e,DEK,,32,05,SAN ANTONIO DE GUERRA,103205,874cd5ca0ffffff
e779c284-ec1c-4f56-b9b1-616c1af782c6,1931040086,Urena procumbens,Urena sinuata L.,Malvaceae,Urena,SPECIES,PRESERVED_SPECIMEN,1980-12-09,1980,-69.68,18.6,NA,d415c253-4d61-4459-9d25-4015b9084fb0,NY,NY,32,05,SAN ANTONIO DE GUERRA,103205,874cd5ca0ffffff
e8e2ef05-2136-4e81-9772-225a4917c3b8,3467910815,Hedwigidium imberbe,Hedwigidium imberbe (Sm.) Bruch & Schimp.,Hedwigiaceae,Hedwigidium,SPECIES,PRESERVED_SPECIMEN,1967-07,1967,-69.626195,18.59451,897,16630817-fd43-49d6-bfff-ae5ffa473724,TENN,,32,05,SAN ANTONIO DE GUERRA,103205,874cd5c10ffffff
ec8b9a90d73f3b58da040d600cf9460d,1896070615,Melochia nodiflora,Melochia nodiflora Sw.,Malvaceae,Melochia,SPECIES,PRESERVED_SPECIMEN,1980-12-09,1980,-69.685556,18.604444,NA,7fd2f6e2-f762-11e1-a439-00145eb45e9a,ENCB-IPN,ENCB,32,05,SAN ANTONIO DE GUERRA,103205,874cd5ca0ffffff
f1eb5a90-f1c8-45aa-bcb0-b8f01714ae37,1931188693,Clitoria ternatea,Clitoria ternatea L.,Fabaceae,Clitoria,SPECIES,PRESERVED_SPECIMEN,1981-05-14,1981,-69.7417,18.57,NA,d415c253-4d61-4459-9d25-4015b9084fb0,NY,NY,32,05,SAN ANTONIO DE GUERRA,103205,874cd5c95ffffff
f3e15863-f637-4530-a69d-bccbdbcb7b88,3813018334,Pseudomacromitrium longifolium,Macromitrium homalacron Müll. Hal.,Orthotrichaceae,Pseudomacromitrium,SPECIES,PRESERVED_SPECIMEN,1967-07,1967,-69.626195,18.59451,897,16630817-fd43-49d6-bfff-ae5ffa473724,TENN,,32,05,SAN ANTONIO DE GUERRA,103205,874cd5c10ffffff
f3fb61fe-1a9f-4c06-af14-7b642788dbc9,3928956317,Prionodon densus,Prionodon dichotomus Hampe,Prionodontaceae,Prionodon,SPECIES,PRESERVED_SPECIMEN,1967-07,1967,-69.626195,18.59451,897,16630817-fd43-49d6-bfff-ae5ffa473724,TENN,,32,05,SAN ANTONIO DE GUERRA,103205,874cd5c10ffffff
f990abe5-e8e6-4754-91bc-e1731481e281,1300518183,Ipomoea tiliacea,Ipomoea tiliacea (Willd.) Choisy,Convolvulaceae,Ipomoea,SPECIES,OCCURRENCE,1980-12-09,1980,-69.733333,18.591667,NA,07044577-bd82-4089-9f3a-f4a9d2170b2e,NY,,32,05,SAN ANTONIO DE GUERRA,103205,874cd5cb1ffffff
fadd3dc9-da12-4c3d-8453-8da9b120d71e,1931312739,Senna occidentalis,Senna occidentalis (L.) Link,Fabaceae,Senna,SPECIES,PRESERVED_SPECIMEN,1980-12-09,1980,-69.68,18.6,NA,d415c253-4d61-4459-9d25-4015b9084fb0,NY,NY,32,05,SAN ANTONIO DE GUERRA,103205,874cd5ca0ffffff
fc6d9e80-5d48-4ab3-8a95-acd7f3f98134,1931334274,Caperonia palustris,Caperonia palustris (L.) A.St.-Hil.,Euphorbiaceae,Caperonia,SPECIES,PRESERVED_SPECIMEN,1980-12-09,1980,-69.68,18.6,NA,d415c253-4d61-4459-9d25-4015b9084fb0,NY,NY,32,05,SAN ANTONIO DE GUERRA,103205,874cd5ca0ffffff
fcb77592-6728-4b88-b2ed-44701e01b9ee,1931338825,Ischaemum rugosum,Ischaemum rugosum Salisb.,Poaceae,Ischaemum,SPECIES,PRESERVED_SPECIMEN,1980-12-09,1980,-69.62,18.57,NA,d415c253-4d61-4459-9d25-4015b9084fb0,NY,NY,32,05,SAN ANTONIO DE GUERRA,103205,874cd5c1effffff
fe2e6202-2180-4bc7-a04e-7601032125c9,1931359459,Chamaecrista diphylla,Chamaecrista diphylla (L.) Greene,Fabaceae,Chamaecrista,SPECIES,PRESERVED_SPECIMEN,1980-12-09,1980,-69.62,18.57,NA,d415c253-4d61-4459-9d25-4015b9084fb0,NY,NY,32,05,SAN ANTONIO DE GUERRA,103205,874cd5c1effffff
fe965f06-734a-49a3-bc61-b07feeedc07c,5074157526,Urena lobata,Urena lobata L.,Malvaceae,Urena,SPECIES,PRESERVED_SPECIMEN,1980-12-09,1980,-69.683333,18.6,250,453e3294-97ef-4e1c-87cb-1ef7c5351d8e,DEK,,32,05,SAN ANTONIO DE GUERRA,103205,874cd5ca0ffffff
feceb3d0-afd2-42f7-bed6-b0576f9a1288,1931367698,Euploca procumbens,Euploca procumbens (Mill.) Diane & Hilger,Heliotropiaceae,Euploca,SPECIES,PRESERVED_SPECIMEN,1971-01-23,1971,-69.66097,18.62174,282.57,d415c253-4d61-4459-9d25-4015b9084fb0,NY,NY,32,05,SAN ANTONIO DE GUERRA,103205,874cd5d8bffffff
feeb9cc7-7b88-4076-b776-94f7e4911846,1304584061,Solanum torvum,Solanum torvum Sw.,Solanaceae,Solanum,SPECIES,OCCURRENCE,1980-12-09,1980,-69.683333,18.6,NA,07044577-bd82-4089-9f3a-f4a9d2170b2e,Bioversity,,32,05,SAN ANTONIO DE GUERRA,103205,874cd5ca0ffffff
http://id.snsb.info/snsb/collection/646697/703792/352364,5203753368,Rhynchospora holoschoenoides,Rhynchospora holoschoenoides (Rich.) Herter,Cyperaceae,Rhynchospora,SPECIES,PRESERVED_SPECIMEN,1929-08,1929,-69.677223,18.608055,NA,79fb1e59-15e7-440b-ae93-6644efb429ce,M,BSMsmutfungicoll,32,05,SAN ANTONIO DE GUERRA,103205,874cd5ca0ffffff
http://id.snsb.info/snsb/collection/649964/739606/355768,5203745976,Rhynchospora filiformis,Rhynchospora filiformis Vahl,Cyperaceae,Rhynchospora,SPECIES,PRESERVED_SPECIMEN,1929-08-13,1929,-69.702461,18.55028,NA,79fb1e59-15e7-440b-ae93-6644efb429ce,M,BSMsmutfungicoll,32,05,SAN ANTONIO DE GUERRA,103205,874cd5c83ffffff
http://id.snsb.info/snsb/collection/650860/801169/356664,5203751792,Rhynchospora barbata,Rhynchospora barbata (Vahl) Kunth,Cyperaceae,Rhynchospora,SPECIES,PRESERVED_SPECIMEN,1929-08-13,1929,-69.701088,18.553543,NA,79fb1e59-15e7-440b-ae93-6644efb429ce,M,BSMsmutfungicoll,32,05,SAN ANTONIO DE GUERRA,103205,874cd5c80ffffff
http://n2t.net/ark:/65665/30ca2f712-ab83-416f-aceb-996c7fa12d68,1317487753,Pteris vittata,Pteris vittata L.,Pteridaceae,Pteris,SPECIES,PRESERVED_SPECIMEN,1989-06-02,1989,-69.62,18.52,NA,821cc27a-e3bb-4bc5-ac34-89ada245069d,US,US,32,05,SAN ANTONIO DE GUERRA,103205,874cd5cf0ffffff
http://n2t.net/ark:/65665/36a562a8a-9611-4fec-aa0a-cdd2ba9ba388,1319606550,Paullinia pinnata,Paullinia pinnata L.,Sapindaceae,Paullinia,SPECIES,PRESERVED_SPECIMEN,1986-05-20,1986,-69.75,18.55,NA,821cc27a-e3bb-4bc5-ac34-89ada245069d,US,US,32,05,SAN ANTONIO DE GUERRA,103205,874cd5c91ffffff
http://n2t.net/ark:/65665/36b76d9c5-d817-46d7-96cb-74d96208dd97,1319631854,Eleocharis interstincta,Eleocharis interstincta (Vahl) Roem. & Schult.,Cyperaceae,Eleocharis,SPECIES,PRESERVED_SPECIMEN,,NA,-69.75,18.55,NA,821cc27a-e3bb-4bc5-ac34-89ada245069d,US,US,32,05,SAN ANTONIO DE GUERRA,103205,874cd5c91ffffff
http://n2t.net/ark:/65665/3ba11ade0-5a25-4ac2-939e-5c79df17182c,1321409797,Vachellia farnesiana,Vachellia farnesiana (L.) Wight & Arn.,Fabaceae,Vachellia,SPECIES,PRESERVED_SPECIMEN,1986-05-20,1986,-69.75,18.55,NA,821cc27a-e3bb-4bc5-ac34-89ada245069d,US,US,32,05,SAN ANTONIO DE GUERRA,103205,874cd5c91ffffff
http://n2t.net/ark:/65665/3bc95a20c-e6fa-4485-832b-d6836d29ea3b,1321467212,Cyperus ochraceus,Cyperus ochraceus Vahl,Cyperaceae,Cyperus,SPECIES,PRESERVED_SPECIMEN,1989-06-02,1989,-69.62,18.52,NA,821cc27a-e3bb-4bc5-ac34-89ada245069d,US,US,32,05,SAN ANTONIO DE GUERRA,103205,874cd5cf0ffffff
http://n2t.net/ark:/65665/3bfb2af71-fb7a-45ea-b0a5-f7e45fe29838,1321537498,Heliotropium indicum,Heliotropium indicum L.,Heliotropiaceae,Heliotropium,SPECIES,PRESERVED_SPECIMEN,1985-03-05,1985,-69.73,18.55,NA,821cc27a-e3bb-4bc5-ac34-89ada245069d,US,US,32,05,SAN ANTONIO DE GUERRA,103205,874cd5c82ffffff
http://n2t.net/ark:/65665/3fc94444c-23af-4400-94a4-34db2e5766ab,1322911325,Luziola subintegra,Luziola subintegra Swallen,Poaceae,Luziola,SPECIES,PRESERVED_SPECIMEN,1988-06-09,1988,-69.63,18.62,NA,821cc27a-e3bb-4bc5-ac34-89ada245069d,US,US,32,05,SAN ANTONIO DE GUERRA,103205,874cd5c14ffffff
https://data.biodiversitydata.nl/naturalis/specimen/U.1208708,2515494053,Clusia rosea,Clusia rosea Jacq.,Clusiaceae,Clusia,SPECIES,PRESERVED_SPECIMEN,1980-12-09,1980,-69.66667,18.58333,NA,15f819bd-6612-4447-854b-14d12ee1022d,,Botany,32,05,SAN ANTONIO DE GUERRA,103205,874cd5ca1ffffff
https://data.biodiversitydata.nl/naturalis/specimen/U.1255308,2515526099,Caperonia castaneifolia,Caperonia castaneifolia (L.) A.St.-Hil.,Euphorbiaceae,Caperonia,SPECIES,PRESERVED_SPECIMEN,1980-12-09,1980,-69.68333,18.6,NA,15f819bd-6612-4447-854b-14d12ee1022d,,Botany,32,05,SAN ANTONIO DE GUERRA,103205,874cd5ca0ffffff
https://data.biodiversitydata.nl/naturalis/specimen/U.1257873,2517163238,Vachellia farnesiana,Acacia farnesiana (L.) Willd.,Fabaceae,Vachellia,SPECIES,PRESERVED_SPECIMEN,1986-05-20,1986,-69.75,18.55,NA,15f819bd-6612-4447-854b-14d12ee1022d,,Botany,32,05,SAN ANTONIO DE GUERRA,103205,874cd5c91ffffff
https://data.biodiversitydata.nl/naturalis/specimen/U.1313043,2515506787,Neptunia plena,Neptunia plena (L.) Benth.,Fabaceae,Neptunia,SPECIES,PRESERVED_SPECIMEN,1981-09-07,1981,-69.59722,18.63333,NA,15f819bd-6612-4447-854b-14d12ee1022d,,Botany,32,05,SAN ANTONIO DE GUERRA,103205,874cd5c31ffffff
https://data.biodiversitydata.nl/naturalis/specimen/U.1351017,2515319423,Heliconia latispatha,Heliconia latispatha Benth.,Heliconiaceae,Heliconia,SPECIES,PRESERVED_SPECIMEN,1981-09-07,1981,-69.63333,18.63333,NA,15f819bd-6612-4447-854b-14d12ee1022d,,Botany,32,05,SAN ANTONIO DE GUERRA,103205,874cd5c32ffffff
https://data.biodiversitydata.nl/naturalis/specimen/U.1351018,2515530871,Heliconia latispatha,Heliconia latispatha Benth.,Heliconiaceae,Heliconia,SPECIES,PRESERVED_SPECIMEN,1981-09-07,1981,-69.63333,18.63333,NA,15f819bd-6612-4447-854b-14d12ee1022d,,Botany,32,05,SAN ANTONIO DE GUERRA,103205,874cd5c32ffffff
https://www.inaturalist.org/observations/129743960,3892516514,Lantana camara,Lantana camara L.,Verbenaceae,Lantana,SPECIES,HUMAN_OBSERVATION,2022-08-06T13:59:27,2022,-69.600339,18.560875,4,50c9509d-22c7-4a22-a47d-8c48425ef4a7,iNaturalist,Observations,32,05,SAN ANTONIO DE GUERRA,103205,874cd5c18ffffff
https://www.inaturalist.org/observations/130421785,3892531774,Sphagneticola trilobata,Sphagneticola trilobata (L.) Pruski,Asteraceae,Sphagneticola,SPECIES,HUMAN_OBSERVATION,2022-08-11T16:42:13,2022,-69.601166,18.557023,7,50c9509d-22c7-4a22-a47d-8c48425ef4a7,iNaturalist,Observations,32,05,SAN ANTONIO DE GUERRA,103205,874cd5c18ffffff
https://www.inaturalist.org/observations/134483410,4067343623,Lantana camara,Lantana camara L.,Verbenaceae,Lantana,SPECIES,HUMAN_OBSERVATION,2022-09-10T11:58:10,2022,-69.67572,18.598829,NA,50c9509d-22c7-4a22-a47d-8c48425ef4a7,iNaturalist,Observations,32,05,SAN ANTONIO DE GUERRA,103205,874cd5ca0ffffff
https://www.inaturalist.org/observations/134483804,4126718566,Emilia sonchifolia,Emilia sonchifolia (L.) DC. ex Wight,Asteraceae,Emilia,SPECIES,HUMAN_OBSERVATION,2022-09-10T12:17:36,2022,-69.67659,18.598337,NA,50c9509d-22c7-4a22-a47d-8c48425ef4a7,iNaturalist,Observations,32,05,SAN ANTONIO DE GUERRA,103205,874cd5ca0ffffff
https://www.inaturalist.org/observations/134485251,4121165463,Xanthosoma sagittifolium,Xanthosoma sagittifolium (L.) Schott,Araceae,Xanthosoma,SPECIES,HUMAN_OBSERVATION,2022-09-10T11:39:04,2022,-69.676613,18.597738,NA,50c9509d-22c7-4a22-a47d-8c48425ef4a7,iNaturalist,Observations,32,05,SAN ANTONIO DE GUERRA,103205,874cd5ca0ffffff
https://www.inaturalist.org/observations/141163533,4091506473,Lantana camara,Lantana camara L.,Verbenaceae,Lantana,SPECIES,HUMAN_OBSERVATION,2022-09-10T11:58:22,2022,-69.676338,18.598158,NA,50c9509d-22c7-4a22-a47d-8c48425ef4a7,iNaturalist,Observations,32,05,SAN ANTONIO DE GUERRA,103205,874cd5ca0ffffff
https://www.inaturalist.org/observations/143671705,3994219675,Heteranthera reniformis,Heteranthera reniformis Ruiz & Pav.,Pontederiaceae,Heteranthera,SPECIES,HUMAN_OBSERVATION,2022-12-04T11:43:49,2022,-69.676254,18.597775,NA,50c9509d-22c7-4a22-a47d-8c48425ef4a7,iNaturalist,Observations,32,05,SAN ANTONIO DE GUERRA,103205,874cd5ca0ffffff
https://www.inaturalist.org/observations/143685803,3988465161,Centrosema pubescens,Centrosema pubescens Benth.,Fabaceae,Centrosema,SPECIES,HUMAN_OBSERVATION,2022-12-04T11:31:41,2022,-69.67688,18.597788,NA,50c9509d-22c7-4a22-a47d-8c48425ef4a7,iNaturalist,Observations,32,05,SAN ANTONIO DE GUERRA,103205,874cd5ca0ffffff
https://www.inaturalist.org/observations/143686295,4129913438,Crassocephalum crepidioides,Crassocephalum crepidioides (Benth.) S.Moore,Asteraceae,Crassocephalum,SPECIES,HUMAN_OBSERVATION,2022-12-04T12:37:15,2022,-69.676399,18.598024,NA,50c9509d-22c7-4a22-a47d-8c48425ef4a7,iNaturalist,Observations,32,05,SAN ANTONIO DE GUERRA,103205,874cd5ca0ffffff
https://www.inaturalist.org/observations/144574518,4006737985,Borreria remota,Spermacoce remota Lam.,Rubiaceae,Borreria,SPECIES,HUMAN_OBSERVATION,2022-12-17T11:32:02,2022,-69.676941,18.599237,NA,50c9509d-22c7-4a22-a47d-8c48425ef4a7,iNaturalist,Observations,32,05,SAN ANTONIO DE GUERRA,103205,874cd5ca0ffffff
https://www.inaturalist.org/observations/144574679,5892738668,Triumfetta semitriloba,Triumfetta semitriloba Jacq.,Malvaceae,Triumfetta,SPECIES,HUMAN_OBSERVATION,2022-12-17T11:30:43,2022,-69.67688,18.599188,NA,50c9509d-22c7-4a22-a47d-8c48425ef4a7,iNaturalist,Observations,32,05,SAN ANTONIO DE GUERRA,103205,874cd5ca0ffffff
https://www.inaturalist.org/observations/144574824,4014826691,Tridax procumbens,Tridax procumbens L.,Asteraceae,Tridax,SPECIES,HUMAN_OBSERVATION,2022-12-17T11:28:06,2022,-69.676712,18.598858,NA,50c9509d-22c7-4a22-a47d-8c48425ef4a7,iNaturalist,Observations,32,05,SAN ANTONIO DE GUERRA,103205,874cd5ca0ffffff
https://www.inaturalist.org/observations/144574989,4006529996,Bidens alba,Bidens alba (L.) DC.,Asteraceae,Bidens,SPECIES,HUMAN_OBSERVATION,2022-12-17T11:24:10,2022,-69.676491,18.598413,NA,50c9509d-22c7-4a22-a47d-8c48425ef4a7,iNaturalist,Observations,32,05,SAN ANTONIO DE GUERRA,103205,874cd5ca0ffffff
https://www.inaturalist.org/observations/144575080,4522441729,Ipomoea batatas,Ipomoea batatas (L.) Lam.,Convolvulaceae,Ipomoea,SPECIES,HUMAN_OBSERVATION,2022-12-17T11:19:54,2022,-69.676453,18.597776,NA,50c9509d-22c7-4a22-a47d-8c48425ef4a7,iNaturalist,Observations,32,05,SAN ANTONIO DE GUERRA,103205,874cd5ca0ffffff
https://www.inaturalist.org/observations/144575507,4006536014,Centrosema pubescens,Centrosema pubescens Benth.,Fabaceae,Centrosema,SPECIES,HUMAN_OBSERVATION,2022-12-17T11:29:22,2022,-69.676765,18.599003,NA,50c9509d-22c7-4a22-a47d-8c48425ef4a7,iNaturalist,Observations,32,05,SAN ANTONIO DE GUERRA,103205,874cd5ca0ffffff
https://www.inaturalist.org/observations/144576091,4006543012,Chromolaena odorata,Chromolaena odorata (L.) R.M.King & H.Rob.,Asteraceae,Chromolaena,SPECIES,HUMAN_OBSERVATION,2022-12-17T11:24:27,2022,-69.676483,18.598438,NA,50c9509d-22c7-4a22-a47d-8c48425ef4a7,iNaturalist,Observations,32,05,SAN ANTONIO DE GUERRA,103205,874cd5ca0ffffff
https://www.inaturalist.org/observations/144826361,4510013738,Evolvulus nummularius,Evolvulus nummularius (L.) L.,Convolvulaceae,Evolvulus,SPECIES,HUMAN_OBSERVATION,2022-11-13T10:37:50,2022,-69.676613,18.597628,NA,50c9509d-22c7-4a22-a47d-8c48425ef4a7,iNaturalist,Observations,32,05,SAN ANTONIO DE GUERRA,103205,874cd5ca0ffffff
https://www.inaturalist.org/observations/146072061,4022200822,Canna indica,Canna indica L.,Cannaceae,Canna,SPECIES,HUMAN_OBSERVATION,2023-01-07T12:50:03,2023,-69.676529,18.598595,NA,50c9509d-22c7-4a22-a47d-8c48425ef4a7,iNaturalist,Observations,32,05,SAN ANTONIO DE GUERRA,103205,874cd5ca0ffffff
https://www.inaturalist.org/observations/160459103,4116281558,Chrysobalanus icaco,Chrysobalanus icaco L.,Chrysobalanaceae,Chrysobalanus,SPECIES,HUMAN_OBSERVATION,2023-05-07T11:34:24,2023,-69.723839,18.631123,NA,50c9509d-22c7-4a22-a47d-8c48425ef4a7,iNaturalist,Observations,32,05,SAN ANTONIO DE GUERRA,103205,874cd5d9bffffff
https://www.inaturalist.org/observations/171502594,4161986507,Pontederia azurea,Pontederia azurea Sw.,Pontederiaceae,Pontederia,SPECIES,HUMAN_OBSERVATION,2023-07-04T10:13:39,2023,-69.680115,18.522696,NA,50c9509d-22c7-4a22-a47d-8c48425ef4a7,iNaturalist,Observations,32,05,SAN ANTONIO DE GUERRA,103205,874cd5c88ffffff
https://www.inaturalist.org/observations/171837056,4153598951,Macroptilium lathyroides,Macroptilium lathyroides (L.) Urb.,Fabaceae,Macroptilium,SPECIES,HUMAN_OBSERVATION,2023-07-04T11:24:53,2023,-69.602371,18.554726,NA,50c9509d-22c7-4a22-a47d-8c48425ef4a7,iNaturalist,Observations,32,05,SAN ANTONIO DE GUERRA,103205,874cd5c18ffffff
https://www.inaturalist.org/observations/171859811,4162183669,Sphenoclea zeylanica,Sphenoclea zeylanica Gaertn.,Sphenocleaceae,Sphenoclea,SPECIES,HUMAN_OBSERVATION,2023-07-04T11:11:24,2023,-69.601929,18.554268,NA,50c9509d-22c7-4a22-a47d-8c48425ef4a7,iNaturalist,Observations,32,05,SAN ANTONIO DE GUERRA,103205,874cd5c18ffffff
https://www.inaturalist.org/observations/171861098,6252621767,Lippia stoechadifolia,Lippia stoechadifolia (L.) Kunth,Verbenaceae,Lippia,SPECIES,HUMAN_OBSERVATION,2023-07-04T11:06:09,2023,-69.602524,18.554794,NA,50c9509d-22c7-4a22-a47d-8c48425ef4a7,iNaturalist,Observations,32,05,SAN ANTONIO DE GUERRA,103205,874cd5c18ffffff
https://www.inaturalist.org/observations/177083318,4177067538,Heteranthera reniformis,Heteranthera reniformis Ruiz & Pav.,Pontederiaceae,Heteranthera,SPECIES,HUMAN_OBSERVATION,2023-08-06T11:33:30,2023,-69.695976,18.562344,NA,50c9509d-22c7-4a22-a47d-8c48425ef4a7,iNaturalist,Observations,32,05,SAN ANTONIO DE GUERRA,103205,874cd5c85ffffff
https://www.inaturalist.org/observations/178078671,4177514441,Jatropha gossypiifolia,Jatropha gossypiifolia L.,Euphorbiaceae,Jatropha,SPECIES,HUMAN_OBSERVATION,2023-08-12T10:51:22,2023,-69.676506,18.598482,NA,50c9509d-22c7-4a22-a47d-8c48425ef4a7,iNaturalist,Observations,32,05,SAN ANTONIO DE GUERRA,103205,874cd5ca0ffffff
https://www.inaturalist.org/observations/185736387,6185569446,Emilia fosbergii,Emilia fosbergii Nicolson,Asteraceae,Emilia,SPECIES,HUMAN_OBSERVATION,2023-09-30T11:35:49,2023,-69.676826,18.597612,NA,50c9509d-22c7-4a22-a47d-8c48425ef4a7,iNaturalist,Observations,32,05,SAN ANTONIO DE GUERRA,103205,874cd5ca0ffffff
https://www.inaturalist.org/observations/186740717,4525081336,Sida rhombifolia,Sida rhombifolia L.,Malvaceae,Sida,SPECIES,HUMAN_OBSERVATION,2023-10-08T11:13:32,2023,-69.676575,18.597788,NA,50c9509d-22c7-4a22-a47d-8c48425ef4a7,iNaturalist,Observations,32,05,SAN ANTONIO DE GUERRA,103205,874cd5ca0ffffff
https://www.inaturalist.org/observations/186741679,4430971570,Capsicum annuum,Capsicum annuum var. glabriusculum (Dunal) Heiser & Pickersgill,Solanaceae,Capsicum,VARIETY,HUMAN_OBSERVATION,2023-10-08T10:53:32,2023,-69.675964,18.597046,NA,50c9509d-22c7-4a22-a47d-8c48425ef4a7,iNaturalist,Observations,32,05,SAN ANTONIO DE GUERRA,103205,874cd5ca1ffffff
https://www.inaturalist.org/observations/187528907,4431023038,Evolvulus nummularius,Evolvulus nummularius (L.) L.,Convolvulaceae,Evolvulus,SPECIES,HUMAN_OBSERVATION,2023-10-14T10:44:07,2023,-69.676743,18.597473,NA,50c9509d-22c7-4a22-a47d-8c48425ef4a7,iNaturalist,Observations,32,05,SAN ANTONIO DE GUERRA,103205,874cd5ca0ffffff
https://www.inaturalist.org/observations/202541924,4597037246,Ipomoea tiliacea,Ipomoea tiliacea (Willd.) Choisy,Convolvulaceae,Ipomoea,SPECIES,HUMAN_OBSERVATION,2024-03-15T11:05:17,2024,-69.704047,18.611247,213,50c9509d-22c7-4a22-a47d-8c48425ef4a7,iNaturalist,Observations,32,05,SAN ANTONIO DE GUERRA,103205,874cd5ca6ffffff
https://www.inaturalist.org/observations/205979009,4607300083,Piriqueta cistoides,Piriqueta cistoides (L.) Mey. ex Steud.,Passifloraceae,Piriqueta,SPECIES,HUMAN_OBSERVATION,2024-04-06T10:28:38,2024,-69.676605,18.597574,NA,50c9509d-22c7-4a22-a47d-8c48425ef4a7,iNaturalist,Observations,32,05,SAN ANTONIO DE GUERRA,103205,874cd5ca0ffffff
https://www.inaturalist.org/observations/205979500,4607212604,Guazuma ulmifolia,Guazuma ulmifolia Lam.,Malvaceae,Guazuma,SPECIES,HUMAN_OBSERVATION,2024-04-06T11:16:33,2024,-69.676529,18.597782,NA,50c9509d-22c7-4a22-a47d-8c48425ef4a7,iNaturalist,Observations,32,05,SAN ANTONIO DE GUERRA,103205,874cd5ca0ffffff
https://www.inaturalist.org/observations/205979618,4607453890,Hamelia patens,Hamelia patens Jacq.,Rubiaceae,Hamelia,SPECIES,HUMAN_OBSERVATION,2024-04-06T11:13:58,2024,-69.676544,18.597481,NA,50c9509d-22c7-4a22-a47d-8c48425ef4a7,iNaturalist,Observations,32,05,SAN ANTONIO DE GUERRA,103205,874cd5ca0ffffff
https://www.inaturalist.org/observations/205979766,4607613501,Cissampelos pareira,Cissampelos pareira L.,Menispermaceae,Cissampelos,SPECIES,HUMAN_OBSERVATION,2024-04-06T11:16:14,2024,-69.67646,18.597757,NA,50c9509d-22c7-4a22-a47d-8c48425ef4a7,iNaturalist,Observations,32,05,SAN ANTONIO DE GUERRA,103205,874cd5ca0ffffff
https://www.inaturalist.org/observations/205980061,4607203618,Urochloa fusca,Urochloa fusca (Sw.) B.F.Hansen & Wunderlin,Poaceae,Urochloa,SPECIES,HUMAN_OBSERVATION,2024-04-06T11:14:10,2024,-69.676582,18.59746,NA,50c9509d-22c7-4a22-a47d-8c48425ef4a7,iNaturalist,Observations,32,05,SAN ANTONIO DE GUERRA,103205,874cd5ca0ffffff
https://www.inaturalist.org/observations/205980222,4607289491,Solanum americanum,Solanum americanum Mill.,Solanaceae,Solanum,SPECIES,HUMAN_OBSERVATION,2024-04-06T10:38:52,2024,-69.676704,18.597696,NA,50c9509d-22c7-4a22-a47d-8c48425ef4a7,iNaturalist,Observations,32,05,SAN ANTONIO DE GUERRA,103205,874cd5ca0ffffff
https://www.inaturalist.org/observations/207753082,4852937761,Rhynchospora nervosa,Rhynchospora nervosa (Vahl) Boeckeler,Cyperaceae,Rhynchospora,SPECIES,HUMAN_OBSERVATION,2024-04-13T10:22:09,2024,-69.676331,18.5977,NA,50c9509d-22c7-4a22-a47d-8c48425ef4a7,iNaturalist,Observations,32,05,SAN ANTONIO DE GUERRA,103205,874cd5ca0ffffff
https://www.inaturalist.org/observations/207855111,4852814772,Piriqueta cistoides,Piriqueta cistoides (L.) Mey. ex Steud.,Passifloraceae,Piriqueta,SPECIES,HUMAN_OBSERVATION,2024-04-13T09:52:25,2024,-69.676704,18.597485,NA,50c9509d-22c7-4a22-a47d-8c48425ef4a7,iNaturalist,Observations,32,05,SAN ANTONIO DE GUERRA,103205,874cd5ca0ffffff
https://www.inaturalist.org/observations/207855202,4851798295,Commelina erecta,Commelina erecta L.,Commelinaceae,Commelina,SPECIES,HUMAN_OBSERVATION,2024-04-13T10:01:51,2024,-69.676704,18.597734,NA,50c9509d-22c7-4a22-a47d-8c48425ef4a7,iNaturalist,Observations,32,05,SAN ANTONIO DE GUERRA,103205,874cd5ca0ffffff
https://www.inaturalist.org/observations/207855281,4852919680,Cyanthillium cinereum,Cyanthillium cinereum (L.) H.Rob.,Asteraceae,Cyanthillium,SPECIES,HUMAN_OBSERVATION,2024-04-13T09:57:45,2024,-69.676727,18.597637,NA,50c9509d-22c7-4a22-a47d-8c48425ef4a7,iNaturalist,Observations,32,05,SAN ANTONIO DE GUERRA,103205,874cd5ca0ffffff
https://www.inaturalist.org/observations/207856294,4852463822,Eclipta prostrata,Eclipta prostrata (L.) L.,Asteraceae,Eclipta,SPECIES,HUMAN_OBSERVATION,2024-04-13T09:51,2024,-69.676666,18.597473,NA,50c9509d-22c7-4a22-a47d-8c48425ef4a7,iNaturalist,Observations,32,05,SAN ANTONIO DE GUERRA,103205,874cd5ca0ffffff
https://www.inaturalist.org/observations/207856579,4852300610,Heliotropium indicum,Heliotropium indicum L.,Heliotropiaceae,Heliotropium,SPECIES,HUMAN_OBSERVATION,2024-04-13T09:49:39,2024,-69.676636,18.597488,NA,50c9509d-22c7-4a22-a47d-8c48425ef4a7,iNaturalist,Observations,32,05,SAN ANTONIO DE GUERRA,103205,874cd5ca0ffffff
https://www.inaturalist.org/observations/207856839,4852768330,Caperonia palustris,Caperonia palustris (L.) A.St.-Hil.,Euphorbiaceae,Caperonia,SPECIES,HUMAN_OBSERVATION,2024-04-13T09:47:28,2024,-69.676399,18.59746,NA,50c9509d-22c7-4a22-a47d-8c48425ef4a7,iNaturalist,Observations,32,05,SAN ANTONIO DE GUERRA,103205,874cd5ca1ffffff
https://www.inaturalist.org/observations/207857287,4924177914,Euphorbia hypericifolia,Euphorbia hypericifolia L.,Euphorbiaceae,Euphorbia,SPECIES,HUMAN_OBSERVATION,2024-04-13T09:45:50,2024,-69.676399,18.59746,NA,50c9509d-22c7-4a22-a47d-8c48425ef4a7,iNaturalist,Observations,32,05,SAN ANTONIO DE GUERRA,103205,874cd5ca1ffffff
https://www.inaturalist.org/observations/207857617,4863655979,Physalis angulata,Physalis angulata L.,Solanaceae,Physalis,SPECIES,HUMAN_OBSERVATION,2024-04-13T09:40:29,2024,-69.676399,18.597488,NA,50c9509d-22c7-4a22-a47d-8c48425ef4a7,iNaturalist,Observations,32,05,SAN ANTONIO DE GUERRA,103205,874cd5ca1ffffff
https://www.inaturalist.org/observations/207857786,4852687285,Securidaca virgata,Securidaca virgata Sw.,Polygalaceae,Securidaca,SPECIES,HUMAN_OBSERVATION,2024-04-13T09:36:50,2024,-69.676575,18.597412,NA,50c9509d-22c7-4a22-a47d-8c48425ef4a7,iNaturalist,Observations,32,05,SAN ANTONIO DE GUERRA,103205,874cd5ca0ffffff
https://www.inaturalist.org/observations/207858084,4852939149,Ruellia blechum,Ruellia blechum L.,Acanthaceae,Ruellia,SPECIES,HUMAN_OBSERVATION,2024-04-13T09:36:23,2024,-69.676575,18.597412,NA,50c9509d-22c7-4a22-a47d-8c48425ef4a7,iNaturalist,Observations,32,05,SAN ANTONIO DE GUERRA,103205,874cd5ca0ffffff
https://www.inaturalist.org/observations/207858187,4852665125,Urochloa fusca,Urochloa fusca (Sw.) B.F.Hansen & Wunderlin,Poaceae,Urochloa,SPECIES,HUMAN_OBSERVATION,2024-04-13T09:35:57,2024,-69.676575,18.597412,NA,50c9509d-22c7-4a22-a47d-8c48425ef4a7,iNaturalist,Observations,32,05,SAN ANTONIO DE GUERRA,103205,874cd5ca0ffffff
https://www.inaturalist.org/observations/207859719,4852919688,Chromolaena odorata,Chromolaena odorata (L.) R.M.King & H.Rob.,Asteraceae,Chromolaena,SPECIES,HUMAN_OBSERVATION,2024-01-03T12:16:15,2024,-69.676224,18.597712,NA,50c9509d-22c7-4a22-a47d-8c48425ef4a7,iNaturalist,Observations,32,05,SAN ANTONIO DE GUERRA,103205,874cd5ca1ffffff
https://www.inaturalist.org/observations/208203422,4852812822,Porophyllum ruderale,Porophyllum ruderale (Jacq.) Cass.,Asteraceae,Porophyllum,SPECIES,HUMAN_OBSERVATION,2024-04-19T10:03:19,2024,-69.676743,18.597513,NA,50c9509d-22c7-4a22-a47d-8c48425ef4a7,iNaturalist,Observations,32,05,SAN ANTONIO DE GUERRA,103205,874cd5ca0ffffff
https://www.inaturalist.org/observations/212193388,6188679330,Praxelis clematidea,Praxelis clematidea (Griseb.) R.M.King & H.Rob.,Asteraceae,Praxelis,SPECIES,HUMAN_OBSERVATION,2024-04-27T11:43:33,2024,-69.676537,18.597767,NA,50c9509d-22c7-4a22-a47d-8c48425ef4a7,iNaturalist,Observations,32,05,SAN ANTONIO DE GUERRA,103205,874cd5ca0ffffff
https://www.inaturalist.org/observations/212193515,4855258069,Casearia guianensis,Casearia guianensis (Aubl.) Urb.,Salicaceae,Casearia,SPECIES,HUMAN_OBSERVATION,2024-04-27T11:25:15,2024,-69.67643,18.597649,NA,50c9509d-22c7-4a22-a47d-8c48425ef4a7,iNaturalist,Observations,32,05,SAN ANTONIO DE GUERRA,103205,874cd5ca0ffffff
https://www.inaturalist.org/observations/213472969,4855093831,Solanum torvum,Solanum torvum Sw.,Solanaceae,Solanum,SPECIES,HUMAN_OBSERVATION,2024-05-04T10:04:27,2024,-69.676613,18.597603,NA,50c9509d-22c7-4a22-a47d-8c48425ef4a7,iNaturalist,Observations,32,05,SAN ANTONIO DE GUERRA,103205,874cd5ca0ffffff
https://www.inaturalist.org/observations/213473089,4855029239,Hamelia patens,Hamelia patens Jacq.,Rubiaceae,Hamelia,SPECIES,HUMAN_OBSERVATION,2024-05-04T10:21:21,2024,-69.676872,18.597361,NA,50c9509d-22c7-4a22-a47d-8c48425ef4a7,iNaturalist,Observations,32,05,SAN ANTONIO DE GUERRA,103205,874cd5ca0ffffff
https://www.inaturalist.org/observations/213474366,4855416750,Digitaria insularis,Digitaria insularis (L.) Mez ex Ekman,Poaceae,Digitaria,SPECIES,HUMAN_OBSERVATION,2024-05-04T10:42:14,2024,-69.676353,18.597683,NA,50c9509d-22c7-4a22-a47d-8c48425ef4a7,iNaturalist,Observations,32,05,SAN ANTONIO DE GUERRA,103205,874cd5ca0ffffff
https://www.inaturalist.org/observations/213475057,6400925358,Capsicum annuum,Capsicum annuum var. glabriusculum (Dunal) Heiser & Pickersgill,Solanaceae,Capsicum,VARIETY,HUMAN_OBSERVATION,2024-05-04T10:20:56,2024,-69.676796,18.597395,NA,50c9509d-22c7-4a22-a47d-8c48425ef4a7,iNaturalist,Observations,32,05,SAN ANTONIO DE GUERRA,103205,874cd5ca0ffffff
https://www.inaturalist.org/observations/213476828,4855481319,Heliotropium indicum,Heliotropium indicum L.,Heliotropiaceae,Heliotropium,SPECIES,HUMAN_OBSERVATION,2024-05-04T10:17:33,2024,-69.676727,18.597403,NA,50c9509d-22c7-4a22-a47d-8c48425ef4a7,iNaturalist,Observations,32,05,SAN ANTONIO DE GUERRA,103205,874cd5ca0ffffff
https://www.inaturalist.org/observations/215083074,5229956487,Phoradendron quadrangulare,Phoradendron quadrangulare (Kunth) Griseb.,Viscaceae,Phoradendron,SPECIES,HUMAN_OBSERVATION,2024-05-11T13:20:39,2024,-69.636757,18.604481,NA,50c9509d-22c7-4a22-a47d-8c48425ef4a7,iNaturalist,Observations,32,05,SAN ANTONIO DE GUERRA,103205,874cd5c10ffffff
https://www.inaturalist.org/observations/218239887,5006880378,Porophyllum ruderale,Porophyllum ruderale (Jacq.) Cass.,Asteraceae,Porophyllum,SPECIES,HUMAN_OBSERVATION,2024-05-25T10:03:38,2024,-69.676544,18.597435,NA,50c9509d-22c7-4a22-a47d-8c48425ef4a7,iNaturalist,Observations,32,05,SAN ANTONIO DE GUERRA,103205,874cd5ca0ffffff
https://www.inaturalist.org/observations/219974897,4875328738,Chrysobalanus icaco,Chrysobalanus icaco L.,Chrysobalanaceae,Chrysobalanus,SPECIES,HUMAN_OBSERVATION,2024-06-01T13:20:04,2024,-69.649147,18.598572,NA,50c9509d-22c7-4a22-a47d-8c48425ef4a7,iNaturalist,Observations,32,05,SAN ANTONIO DE GUERRA,103205,874cd5c12ffffff
https://www.inaturalist.org/observations/219974956,4875476918,Psidium guajava,Psidium guajava L.,Myrtaceae,Psidium,SPECIES,HUMAN_OBSERVATION,2024-06-01T13:14:57,2024,-69.648735,18.597553,NA,50c9509d-22c7-4a22-a47d-8c48425ef4a7,iNaturalist,Observations,32,05,SAN ANTONIO DE GUERRA,103205,874cd5c12ffffff
https://www.inaturalist.org/observations/219975166,4875232061,Palicourea crocea,Palicourea crocea (Sw.) Schult.,Rubiaceae,Palicourea,SPECIES,HUMAN_OBSERVATION,2024-06-01T13:06:43,2024,-69.649033,18.598267,NA,50c9509d-22c7-4a22-a47d-8c48425ef4a7,iNaturalist,Observations,32,05,SAN ANTONIO DE GUERRA,103205,874cd5c12ffffff
https://www.inaturalist.org/observations/219975486,4875452430,Erigeron canadensis,Erigeron canadensis L.,Asteraceae,Erigeron,SPECIES,HUMAN_OBSERVATION,2024-06-01T11:10:51,2024,-69.676681,18.597403,NA,50c9509d-22c7-4a22-a47d-8c48425ef4a7,iNaturalist,Observations,32,05,SAN ANTONIO DE GUERRA,103205,874cd5ca0ffffff
https://www.inaturalist.org/observations/219975973,4875303568,Hamelia patens,Hamelia patens Jacq.,Rubiaceae,Hamelia,SPECIES,HUMAN_OBSERVATION,2024-06-01T10:50:39,2024,-69.676521,18.597446,NA,50c9509d-22c7-4a22-a47d-8c48425ef4a7,iNaturalist,Observations,32,05,SAN ANTONIO DE GUERRA,103205,874cd5ca1ffffff
https://www.inaturalist.org/observations/219976171,4875202216,Caperonia palustris,Caperonia palustris (L.) A.St.-Hil.,Euphorbiaceae,Caperonia,SPECIES,HUMAN_OBSERVATION,2024-06-01T10:08:48,2024,-69.676392,18.597588,NA,50c9509d-22c7-4a22-a47d-8c48425ef4a7,iNaturalist,Observations,32,05,SAN ANTONIO DE GUERRA,103205,874cd5ca1ffffff
https://www.inaturalist.org/observations/221369377,4892179206,Sphagneticola trilobata,Sphagneticola trilobata (L.) Pruski,Asteraceae,Sphagneticola,SPECIES,HUMAN_OBSERVATION,2024-06-08T10:49:28,2024,-69.675926,18.597113,NA,50c9509d-22c7-4a22-a47d-8c48425ef4a7,iNaturalist,Observations,32,05,SAN ANTONIO DE GUERRA,103205,874cd5ca1ffffff
https://www.inaturalist.org/observations/227590349,4908069727,Cyperus rotundus,Cyperus rotundus L.,Cyperaceae,Cyperus,SPECIES,HUMAN_OBSERVATION,2024-07-06T12:15:20,2024,-69.676231,18.597708,NA,50c9509d-22c7-4a22-a47d-8c48425ef4a7,iNaturalist,Observations,32,05,SAN ANTONIO DE GUERRA,103205,874cd5ca1ffffff
https://www.inaturalist.org/observations/256015821,5006912221,Vandellia diffusa,Vandellia diffusa L.,Linderniaceae,Vandellia,SPECIES,HUMAN_OBSERVATION,2024-12-14T12:15:13,2024,-69.623611,18.584976,NA,50c9509d-22c7-4a22-a47d-8c48425ef4a7,iNaturalist,Observations,32,05,SAN ANTONIO DE GUERRA,103205,874cd5c13ffffff
https://www.inaturalist.org/observations/257943709,5037141676,Cupania americana,Cupania americana L.,Sapindaceae,Cupania,SPECIES,HUMAN_OBSERVATION,2024-12-29T14:32:29,2024,-69.623886,18.584698,NA,50c9509d-22c7-4a22-a47d-8c48425ef4a7,iNaturalist,Observations,32,05,SAN ANTONIO DE GUERRA,103205,874cd5c13ffffff
https://www.inaturalist.org/observations/257943799,5036898521,Cissus verticillata,Cissus verticillata (L.) Nicolson & C.E.Jarvis,Vitaceae,Cissus,SPECIES,HUMAN_OBSERVATION,2024-12-29T14:20:23,2024,-69.6241,18.585436,NA,50c9509d-22c7-4a22-a47d-8c48425ef4a7,iNaturalist,Observations,32,05,SAN ANTONIO DE GUERRA,103205,874cd5c13ffffff
https://www.inaturalist.org/observations/257943857,5036897911,Paullinia pinnata,Paullinia pinnata L.,Sapindaceae,Paullinia,SPECIES,HUMAN_OBSERVATION,2024-12-29T14:33:01,2024,-69.623863,18.584742,NA,50c9509d-22c7-4a22-a47d-8c48425ef4a7,iNaturalist,Observations,32,05,SAN ANTONIO DE GUERRA,103205,874cd5c13ffffff
https://www.inaturalist.org/observations/257943963,5037186525,Chromolaena odorata,Chromolaena odorata (L.) R.M.King & H.Rob.,Asteraceae,Chromolaena,SPECIES,HUMAN_OBSERVATION,2024-12-29T13:00:27,2024,-69.676239,18.597588,NA,50c9509d-22c7-4a22-a47d-8c48425ef4a7,iNaturalist,Observations,32,05,SAN ANTONIO DE GUERRA,103205,874cd5ca1ffffff
https://www.inaturalist.org/observations/257944319,5036897913,Evolvulus nummularius,Evolvulus nummularius (L.) L.,Convolvulaceae,Evolvulus,SPECIES,HUMAN_OBSERVATION,2025-01-03T11:37:58,2025,-69.676598,18.597549,NA,50c9509d-22c7-4a22-a47d-8c48425ef4a7,iNaturalist,Observations,32,05,SAN ANTONIO DE GUERRA,103205,874cd5ca0ffffff
https://www.inaturalist.org/observations/265982419,6188287889,Aniseia martinicensis,Aniseia martinicensis (Jacq.) Choisy,Convolvulaceae,Aniseia,SPECIES,HUMAN_OBSERVATION,2025-03-14T09:20:14,2025,-69.67775,18.522053,NA,50c9509d-22c7-4a22-a47d-8c48425ef4a7,iNaturalist,Observations,32,05,SAN ANTONIO DE GUERRA,103205,874cd5c88ffffff
https://www.inaturalist.org/observations/267092978,5167239516,Cissus verticillata,Cissus verticillata (L.) Nicolson & C.E.Jarvis,Vitaceae,Cissus,SPECIES,HUMAN_OBSERVATION,2025-03-26T10:43:27,2025,-69.7323,18.580272,14,50c9509d-22c7-4a22-a47d-8c48425ef4a7,iNaturalist,Observations,32,05,SAN ANTONIO DE GUERRA,103205,874cd5c86ffffff
https://www.inaturalist.org/observations/267092998,5167394506,Mimosa pudica,Mimosa pudica L.,Fabaceae,Mimosa,SPECIES,HUMAN_OBSERVATION,2025-03-26T10:56:30,2025,-69.729487,18.591227,2,50c9509d-22c7-4a22-a47d-8c48425ef4a7,iNaturalist,Observations,32,05,SAN ANTONIO DE GUERRA,103205,874cd5cb1ffffff
https://www.inaturalist.org/observations/267093018,5167468519,Senna alata,Senna alata (L.) Roxb.,Fabaceae,Senna,SPECIES,HUMAN_OBSERVATION,2025-03-26T10:57:49,2025,-69.729485,18.591227,4,50c9509d-22c7-4a22-a47d-8c48425ef4a7,iNaturalist,Observations,32,05,SAN ANTONIO DE GUERRA,103205,874cd5cb1ffffff
https://www.inaturalist.org/observations/267093042,5167471856,Flemingia strobilifera,Flemingia strobilifera (L.) W.T.Aiton,Fabaceae,Flemingia,SPECIES,HUMAN_OBSERVATION,2025-03-26T11:27:14,2025,-69.727213,18.593685,4,50c9509d-22c7-4a22-a47d-8c48425ef4a7,iNaturalist,Observations,32,05,SAN ANTONIO DE GUERRA,103205,874cd5cb1ffffff
https://www.inaturalist.org/observations/267093065,5167308839,Chromolaena odorata,Chromolaena odorata (L.) R.M.King & H.Rob.,Asteraceae,Chromolaena,SPECIES,HUMAN_OBSERVATION,2025-03-26T11:27:34,2025,-69.727217,18.593683,4,50c9509d-22c7-4a22-a47d-8c48425ef4a7,iNaturalist,Observations,32,05,SAN ANTONIO DE GUERRA,103205,874cd5cb1ffffff
https://www.inaturalist.org/observations/267093083,5167435922,Stachytarpheta jamaicensis,Stachytarpheta jamaicensis (L.) Vahl,Verbenaceae,Stachytarpheta,SPECIES,HUMAN_OBSERVATION,2025-03-26T11:30:02,2025,-69.727455,18.592947,9,50c9509d-22c7-4a22-a47d-8c48425ef4a7,iNaturalist,Observations,32,05,SAN ANTONIO DE GUERRA,103205,874cd5cb1ffffff
https://www.inaturalist.org/observations/267093098,6234460314,Piper aduncum,Piper aduncum L.,Piperaceae,Piper,SPECIES,HUMAN_OBSERVATION,2025-03-26T11:30:38,2025,-69.727453,18.592948,9,50c9509d-22c7-4a22-a47d-8c48425ef4a7,iNaturalist,Observations,32,05,SAN ANTONIO DE GUERRA,103205,874cd5cb1ffffff
https://www.inaturalist.org/observations/267093122,5166812684,Leucaena leucocephala,Leucaena leucocephala (Lam.) de Wit,Fabaceae,Leucaena,SPECIES,HUMAN_OBSERVATION,2025-03-26T11:31:05,2025,-69.727417,18.59295,8,50c9509d-22c7-4a22-a47d-8c48425ef4a7,iNaturalist,Observations,32,05,SAN ANTONIO DE GUERRA,103205,874cd5cb1ffffff
https://www.inaturalist.org/observations/267093150,5166798889,Cissus verticillata,Cissus verticillata (L.) Nicolson & C.E.Jarvis,Vitaceae,Cissus,SPECIES,HUMAN_OBSERVATION,2025-03-26T11:31:27,2025,-69.727405,18.592952,9,50c9509d-22c7-4a22-a47d-8c48425ef4a7,iNaturalist,Observations,32,05,SAN ANTONIO DE GUERRA,103205,874cd5cb1ffffff
https://www.inaturalist.org/observations/267093169,5168018596,Centrosema pubescens,Centrosema pubescens Benth.,Fabaceae,Centrosema,SPECIES,HUMAN_OBSERVATION,2025-03-26T11:35:09,2025,-69.727445,18.594235,5,50c9509d-22c7-4a22-a47d-8c48425ef4a7,iNaturalist,Observations,32,05,SAN ANTONIO DE GUERRA,103205,874cd5cb1ffffff
https://www.inaturalist.org/observations/267093183,5166815936,Urena lobata,Urena lobata L.,Malvaceae,Urena,SPECIES,HUMAN_OBSERVATION,2025-03-26T11:35:27,2025,-69.727538,18.594223,5,50c9509d-22c7-4a22-a47d-8c48425ef4a7,iNaturalist,Observations,32,05,SAN ANTONIO DE GUERRA,103205,874cd5cb1ffffff
https://www.inaturalist.org/observations/281820027,5166844285,Hamelia patens,Hamelia patens Jacq.,Rubiaceae,Hamelia,SPECIES,HUMAN_OBSERVATION,2025-05-17T10:28:44,2025,-69.676437,18.597408,NA,50c9509d-22c7-4a22-a47d-8c48425ef4a7,iNaturalist,Observations,32,05,SAN ANTONIO DE GUERRA,103205,874cd5ca1ffffff
https://www.inaturalist.org/observations/281822127,5168048658,Caperonia palustris,Caperonia palustris (L.) A.St.-Hil.,Euphorbiaceae,Caperonia,SPECIES,HUMAN_OBSERVATION,2025-05-17T10:43:29,2025,-69.676262,18.597645,NA,50c9509d-22c7-4a22-a47d-8c48425ef4a7,iNaturalist,Observations,32,05,SAN ANTONIO DE GUERRA,103205,874cd5ca1ffffff
https://www.inaturalist.org/observations/281862197,5206025506,Solanum torvum,Solanum torvum Sw.,Solanaceae,Solanum,SPECIES,HUMAN_OBSERVATION,2025-03-02T10:11:32,2025,-69.669305,18.511377,NA,50c9509d-22c7-4a22-a47d-8c48425ef4a7,iNaturalist,Observations,32,05,SAN ANTONIO DE GUERRA,103205,874cd5c88ffffff
https://www.inaturalist.org/observations/281863674,5237882456,Piper peltatum,Piper peltatum L.,Piperaceae,Piper,SPECIES,HUMAN_OBSERVATION,2025-03-02T10:16:30,2025,-69.669305,18.511377,NA,50c9509d-22c7-4a22-a47d-8c48425ef4a7,iNaturalist,Observations,32,05,SAN ANTONIO DE GUERRA,103205,874cd5c88ffffff
https://www.inaturalist.org/observations/289697332,6195266453,Piper amalago,Piper amalago L.,Piperaceae,Piper,SPECIES,HUMAN_OBSERVATION,2025-06-07T09:49:49,2025,-69.676575,18.597403,NA,50c9509d-22c7-4a22-a47d-8c48425ef4a7,iNaturalist,Observations,32,05,SAN ANTONIO DE GUERRA,103205,874cd5ca0ffffff
https://www.inaturalist.org/observations/301634733,5238170527,Chrysanthellum americanum,Chrysanthellum americanum (L.) Vatke,Asteraceae,Chrysanthellum,SPECIES,HUMAN_OBSERVATION,2025-07-27T10:48:43,2025,-69.623993,18.584873,NA,50c9509d-22c7-4a22-a47d-8c48425ef4a7,iNaturalist,Observations,32,05,SAN ANTONIO DE GUERRA,103205,874cd5c13ffffff
https://www.inaturalist.org/observations/328954813,5908782714,Centrosema pubescens,Centrosema pubescens Benth.,Fabaceae,Centrosema,SPECIES,HUMAN_OBSERVATION,2025-11-30T13:00:16,2025,-69.676514,18.597649,NA,50c9509d-22c7-4a22-a47d-8c48425ef4a7,iNaturalist,Observations,32,05,SAN ANTONIO DE GUERRA,103205,874cd5ca0ffffff
https://www.inaturalist.org/observations/330914753,5936375262,Sphenoclea zeylanica,Sphenoclea zeylanica Gaertn.,Sphenocleaceae,Sphenoclea,SPECIES,HUMAN_OBSERVATION,2023-07-04T11:11,2023,-69.601929,18.554268,NA,50c9509d-22c7-4a22-a47d-8c48425ef4a7,iNaturalist,Observations,32,05,SAN ANTONIO DE GUERRA,103205,874cd5c18ffffff
https://www.inaturalist.org/observations/331111742,5935195202,Piper peltatum,Piper peltatum L.,Piperaceae,Piper,SPECIES,HUMAN_OBSERVATION,2025-12-17T14:59:09,2025,-69.679695,18.60533,NA,50c9509d-22c7-4a22-a47d-8c48425ef4a7,iNaturalist,Observations,32,05,SAN ANTONIO DE GUERRA,103205,874cd5ca0ffffff
https://www.inaturalist.org/observations/331580882,5935212130,Centrosema plumieri,Centrosema plumieri (Turpin ex Pers.) Benth.,Fabaceae,Centrosema,SPECIES,HUMAN_OBSERVATION,2025-12-21T11:23:43,2025,-69.623665,18.584982,NA,50c9509d-22c7-4a22-a47d-8c48425ef4a7,iNaturalist,Observations,32,05,SAN ANTONIO DE GUERRA,103205,874cd5c13ffffff
https://www.inaturalist.org/observations/334545706,6131218036,Pectis prostrata,Pectis prostrata Cav.,Asteraceae,Pectis,SPECIES,HUMAN_OBSERVATION,2026-01-11T11:10:51,2026,-69.623901,18.584908,NA,50c9509d-22c7-4a22-a47d-8c48425ef4a7,iNaturalist,Observations,32,05,SAN ANTONIO DE GUERRA,103205,874cd5c13ffffff
https://www.inaturalist.org/observations/334546225,6130156522,Solanum americanum,Solanum americanum Mill.,Solanaceae,Solanum,SPECIES,HUMAN_OBSERVATION,2026-01-11T11:08:36,2026,-69.623878,18.584921,NA,50c9509d-22c7-4a22-a47d-8c48425ef4a7,iNaturalist,Observations,32,05,SAN ANTONIO DE GUERRA,103205,874cd5c13ffffff
https://www.inaturalist.org/observations/334546475,6130061439,Melochia nodiflora,Melochia nodiflora Sw.,Malvaceae,Melochia,SPECIES,HUMAN_OBSERVATION,2026-01-11T11:01:08,2026,-69.62381,18.584845,NA,50c9509d-22c7-4a22-a47d-8c48425ef4a7,iNaturalist,Observations,32,05,SAN ANTONIO DE GUERRA,103205,874cd5c13ffffff
https://www.inaturalist.org/observations/335246013,6130891662,Mansoa alliacea,Mansoa alliacea (Desv. ex Beauverd) A.H.Gentry,Bignoniaceae,Mansoa,SPECIES,HUMAN_OBSERVATION,2026-01-18T14:20:38,2026,-69.646156,18.579794,NA,50c9509d-22c7-4a22-a47d-8c48425ef4a7,iNaturalist,Observations,32,05,SAN ANTONIO DE GUERRA,103205,874cd5cacffffff
https://www.inaturalist.org/observations/335246989,6131320512,Ipomoea tiliacea,Ipomoea tiliacea (Willd.) Choisy,Convolvulaceae,Ipomoea,SPECIES,HUMAN_OBSERVATION,2026-01-18T12:57:20,2026,-69.624054,18.585161,NA,50c9509d-22c7-4a22-a47d-8c48425ef4a7,iNaturalist,Observations,32,05,SAN ANTONIO DE GUERRA,103205,874cd5c13ffffff
https://www.inaturalist.org/observations/337027582,6133425329,Hyptis capitata,Hyptis capitata Jacq.,Lamiaceae,Hyptis,SPECIES,HUMAN_OBSERVATION,2026-02-01T11:02:42,2026,-69.676277,18.597601,NA,50c9509d-22c7-4a22-a47d-8c48425ef4a7,iNaturalist,Observations,32,05,SAN ANTONIO DE GUERRA,103205,874cd5ca1ffffff
https://www.inaturalist.org/observations/338502411,6159420393,Asclepias curassavica,Asclepias curassavica L.,Apocynaceae,Asclepias,SPECIES,HUMAN_OBSERVATION,2026-02-08T12:13:36,2026,-69.623878,18.584858,NA,50c9509d-22c7-4a22-a47d-8c48425ef4a7,iNaturalist,Observations,32,05,SAN ANTONIO DE GUERRA,103205,874cd5c13ffffff
https://www.inaturalist.org/observations/345046449,6185928234,Crescentia cujete,Crescentia cujete L.,Bignoniaceae,Crescentia,SPECIES,HUMAN_OBSERVATION,2024-07-24T11:22,2024,-69.629311,18.586647,4,50c9509d-22c7-4a22-a47d-8c48425ef4a7,iNaturalist,Observations,32,05,SAN ANTONIO DE GUERRA,103205,874cd5c13ffffff
o-1005228859,2644259996,Hamelia patens,Hamelia patens Jacq.,Rubiaceae,Hamelia,SPECIES,HUMAN_OBSERVATION,2019-10-27T10:44:25Z,2019,-69.719416,18.492237,NA,7a3679ef-5582-4aaa-81f0-8c2545cafc81,,,32,05,SAN ANTONIO DE GUERRA,103205,874cd5526ffffff
o-1005494194,2644290632,Acalypha wilkesiana,Acalypha wilkesiana Müll.Arg.,Euphorbiaceae,Acalypha,SPECIES,HUMAN_OBSERVATION,2020-02-22T17:56:18Z,2020,-69.700107,18.556823,15,7a3679ef-5582-4aaa-81f0-8c2545cafc81,,,32,05,SAN ANTONIO DE GUERRA,103205,874cd5c80ffffff
o-1008387067,3949616789,Macroptilium lathyroides,Macroptilium lathyroides (L.) Urb.,Fabaceae,Macroptilium,SPECIES,HUMAN_OBSERVATION,2020-08-18T13:15:47Z,2020,-69.706912,18.55297,10,7a3679ef-5582-4aaa-81f0-8c2545cafc81,,,32,05,SAN ANTONIO DE GUERRA,103205,874cd5c83ffffff
o-1008387104,2974635998,Solanum torvum,Solanum torvum Sw.,Solanaceae,Solanum,SPECIES,HUMAN_OBSERVATION,2020-08-18T13:21:09Z,2020,-69.70726,18.553392,10,7a3679ef-5582-4aaa-81f0-8c2545cafc81,,,32,05,SAN ANTONIO DE GUERRA,103205,874cd5c80ffffff
o-1008430284,5109153571,Ocimum tenuiflorum,Ocimum tenuiflorum L.,Lamiaceae,Ocimum,SPECIES,HUMAN_OBSERVATION,2020-08-22T07:26:49Z,2020,-69.700015,18.556918,5,7a3679ef-5582-4aaa-81f0-8c2545cafc81,,,32,05,SAN ANTONIO DE GUERRA,103205,874cd5c80ffffff
o-1008574955,5109170692,Epipremnum aureum,Epipremnum aureum (Linden & André) G.S.Bunting,Araceae,Epipremnum,SPECIES,HUMAN_OBSERVATION,2020-09-03T11:21:20Z,2020,-69.700825,18.553147,8,7a3679ef-5582-4aaa-81f0-8c2545cafc81,,,32,05,SAN ANTONIO DE GUERRA,103205,874cd5c81ffffff
o-1016232053,5109430568,Ipomoea obscura,Ipomoea obscura (L.) Ker Gawl.,Convolvulaceae,Ipomoea,SPECIES,HUMAN_OBSERVATION,2022-12-31T09:44:17Z,2022,-69.704413,18.54915,8,7a3679ef-5582-4aaa-81f0-8c2545cafc81,,,32,05,SAN ANTONIO DE GUERRA,103205,874cd5c83ffffff
o-1018247772,5109652312,Spigelia anthelmia,Spigelia anthelmia L.,Loganiaceae,Spigelia,SPECIES,HUMAN_OBSERVATION,2023-06-07T09:47:27Z,2023,-69.709483,18.553107,12,7a3679ef-5582-4aaa-81f0-8c2545cafc81,,,32,05,SAN ANTONIO DE GUERRA,103205,874cd5c83ffffff
o-1019619138,5109813244,Lantana trifolia,Lantana trifolia L.,Verbenaceae,Lantana,SPECIES,HUMAN_OBSERVATION,2023-08-20T08:22:37Z,2023,-69.704187,18.549062,5,7a3679ef-5582-4aaa-81f0-8c2545cafc81,,,32,05,SAN ANTONIO DE GUERRA,103205,874cd5c83ffffff
o-1020392157,5109930404,Euphorbia heterophylla,Euphorbia heterophylla L.,Euphorbiaceae,Euphorbia,SPECIES,HUMAN_OBSERVATION,2023-11-01T11:07:08Z,2023,-69.709307,18.553397,17,7a3679ef-5582-4aaa-81f0-8c2545cafc81,,,32,05,SAN ANTONIO DE GUERRA,103205,874cd5c83ffffff
o-1024638688,5110456182,Ludwigia octovalvis,Ludwigia octovalvis (Jacq.) P.H.Raven,Onagraceae,Ludwigia,SPECIES,HUMAN_OBSERVATION,2024-09-16T14:31:57Z,2024,-69.709331,18.553374,11,7a3679ef-5582-4aaa-81f0-8c2545cafc81,,,32,05,SAN ANTONIO DE GUERRA,103205,874cd5c83ffffff
o-1025319346,5110278103,Pleopeltis polypodioides,Pleopeltis polypodioides (L.) E.G.Andrews & Windham,Polypodiaceae,Pleopeltis,SPECIES,HUMAN_OBSERVATION,2024-11-29T17:25:52Z,2024,-69.700712,18.553151,31,7a3679ef-5582-4aaa-81f0-8c2545cafc81,,,32,05,SAN ANTONIO DE GUERRA,103205,874cd5c81ffffff
o-1025324658,5110498055,Comocladia dodonaea,Comocladia dodonaea (L.) Britton,Anacardiaceae,Comocladia,SPECIES,HUMAN_OBSERVATION,2024-11-30T18:18:39Z,2024,-69.656196,18.557655,51,7a3679ef-5582-4aaa-81f0-8c2545cafc81,,,32,05,SAN ANTONIO DE GUERRA,103205,874cd5ca8ffffff
o-1025336621,5110458566,Acacia mangium,Acacia mangium Willd.,Fabaceae,Acacia,SPECIES,HUMAN_OBSERVATION,2024-12-02T21:36:48Z,2024,-69.695638,18.533022,11,7a3679ef-5582-4aaa-81f0-8c2545cafc81,,,32,05,SAN ANTONIO DE GUERRA,103205,874cd5c8effffff
o-1025385900,5110311239,Paullinia pinnata,Paullinia pinnata L.,Sapindaceae,Paullinia,SPECIES,HUMAN_OBSERVATION,2024-12-13T16:12:07Z,2024,-69.696847,18.550005,28,7a3679ef-5582-4aaa-81f0-8c2545cafc81,,,32,05,SAN ANTONIO DE GUERRA,103205,874cd5c81ffffff
q-10072482905,3955863599,Coffea arabica,Coffea arabica L.,Rubiaceae,Coffea,SPECIES,HUMAN_OBSERVATION,2019-05-03T21:29:46.503Z,2019,-69.65,18.52,1154,14d5676a-2c54-4f94-9023-1e8dcd822aa0,,,32,05,SAN ANTONIO DE GUERRA,103205,874cd5c8dffffff
q-10072486629,3956120884,Plantago major,Plantago major L.,Plantaginaceae,Plantago,SPECIES,HUMAN_OBSERVATION,2019-05-03T22:13:21.813Z,2019,-69.651841,18.519829,200,14d5676a-2c54-4f94-9023-1e8dcd822aa0,,,32,05,SAN ANTONIO DE GUERRA,103205,874cd5c8dffffff
q-10072486742,3952134250,Plantago major,Plantago major L.,Plantaginaceae,Plantago,SPECIES,HUMAN_OBSERVATION,2019-05-03T22:15:02.005Z,2019,-69.664164,18.520054,798,14d5676a-2c54-4f94-9023-1e8dcd822aa0,,,32,05,SAN ANTONIO DE GUERRA,103205,874cd5c88ffffff
q-10084240582,2645619343,Psidium guajava,Psidium guajava L.,Myrtaceae,Psidium,SPECIES,HUMAN_OBSERVATION,2019-06-08T20:00:06.388Z,2019,-69.649222,18.522796,10,14d5676a-2c54-4f94-9023-1e8dcd822aa0,,,32,05,SAN ANTONIO DE GUERRA,103205,874cd5c8dffffff
q-10114975270,2646965638,Coccoloba uvifera,Coccoloba uvifera (L.) L.,Polygonaceae,Coccoloba,SPECIES,HUMAN_OBSERVATION,2019-10-06T20:17:46.832Z,2019,-69.661471,18.579444,14,14d5676a-2c54-4f94-9023-1e8dcd822aa0,,,32,05,SAN ANTONIO DE GUERRA,103205,874cd5cacffffff
q-10119700065,2646536429,Hamelia patens,Hamelia patens Jacq.,Rubiaceae,Hamelia,SPECIES,HUMAN_OBSERVATION,2019-10-30T22:04:01.867Z,2019,-69.719416,18.492237,NA,14d5676a-2c54-4f94-9023-1e8dcd822aa0,,,32,05,SAN ANTONIO DE GUERRA,103205,874cd5526ffffff
q-10119700394,2649542075,Hamelia patens,Hamelia patens Jacq.,Rubiaceae,Hamelia,SPECIES,HUMAN_OBSERVATION,2019-10-30T22:08:39.100Z,2019,-69.719416,18.492237,NA,14d5676a-2c54-4f94-9023-1e8dcd822aa0,,,32,05,SAN ANTONIO DE GUERRA,103205,874cd5526ffffff
q-10119701360,2649490575,Hamelia patens,Hamelia patens Jacq.,Rubiaceae,Hamelia,SPECIES,HUMAN_OBSERVATION,2019-10-30T22:23:44.245Z,2019,-69.719416,18.492237,NA,14d5676a-2c54-4f94-9023-1e8dcd822aa0,,,32,05,SAN ANTONIO DE GUERRA,103205,874cd5526ffffff
q-10298217271,3952602192,Haematoxylum campechianum,Haematoxylum campechianum L.,Fabaceae,Haematoxylum,SPECIES,HUMAN_OBSERVATION,2021-02-05T16:36:39.296Z,2021,-69.653164,18.511764,19,14d5676a-2c54-4f94-9023-1e8dcd822aa0,,,32,05,SAN ANTONIO DE GUERRA,103205,874cd5c89ffffff
q-10300393001,3953875312,Mangifera indica,Mangifera indica L.,Anacardiaceae,Mangifera,SPECIES,HUMAN_OBSERVATION,2021-02-14T20:42:05.695Z,2021,-69.695,18.61541,NA,14d5676a-2c54-4f94-9023-1e8dcd822aa0,,,32,05,SAN ANTONIO DE GUERRA,103205,874cd5ca6ffffff
q-10680621428,3998115105,Psidium guajava,Psidium guajava L.,Myrtaceae,Psidium,SPECIES,HUMAN_OBSERVATION,2022-08-26T15:50:07.071Z,2022,-69.622925,18.540128,2,14d5676a-2c54-4f94-9023-1e8dcd822aa0,,,32,05,SAN ANTONIO DE GUERRA,103205,874cd5cf4ffffff
q-10717614891,3999200219,Acacia mangium,Acacia mangium Willd.,Fabaceae,Acacia,SPECIES,HUMAN_OBSERVATION,2022-11-03T15:24:51.461Z,2022,-69.611476,18.661691,8,14d5676a-2c54-4f94-9023-1e8dcd822aa0,,,32,05,SAN ANTONIO DE GUERRA,103205,874cd5c34ffffff
q-10717632322,3998395874,Acacia mangium,Acacia mangium Willd.,Fabaceae,Acacia,SPECIES,HUMAN_OBSERVATION,2022-11-03T16:08:23.866Z,2022,-69.628953,18.672255,6,14d5676a-2c54-4f94-9023-1e8dcd822aa0,,,32,05,SAN ANTONIO DE GUERRA,103205,874cd5da9ffffff
q-10718253612,3998366301,Cajanus cajan,Cajanus cajan (L.) Huth,Fabaceae,Cajanus,SPECIES,HUMAN_OBSERVATION,2022-11-05T13:41:38.389Z,2022,-69.650574,18.589767,NA,14d5676a-2c54-4f94-9023-1e8dcd822aa0,,,32,05,SAN ANTONIO DE GUERRA,103205,874cd5c12ffffff
q-10718430351,3998974441,Cajanus cajan,Cajanus cajan (L.) Huth,Fabaceae,Cajanus,SPECIES,HUMAN_OBSERVATION,2022-11-05T20:21:18.623Z,2022,-69.650574,18.589767,NA,14d5676a-2c54-4f94-9023-1e8dcd822aa0,,,32,05,SAN ANTONIO DE GUERRA,103205,874cd5c12ffffff
urn:catalog:MO:Tropicos:100142682,1257504257,Urena lobata,Urena lobata L.,Malvaceae,Urena,SPECIES,PRESERVED_SPECIMEN,1980-12-09,1980,-69.683333,18.6,NA,7bd65a7a-f762-11e1-a439-00145eb45e9a,MO,Tropicos,32,05,SAN ANTONIO DE GUERRA,103205,874cd5ca0ffffff
urn:catalog:MO:Tropicos:100172694,1257528159,Spondias dulcis,Spondias dulcis Parkinson,Anacardiaceae,Spondias,SPECIES,PRESERVED_SPECIMEN,1981-09-07,1981,-69.65,18.633333,NA,7bd65a7a-f762-11e1-a439-00145eb45e9a,MO,Tropicos,32,05,SAN ANTONIO DE GUERRA,103205,874cd5d89ffffff
urn:catalog:MO:Tropicos:100616484,1257960106,Hymenachne amplexicaulis,Hymenachne amplexicaulis (Rudge) Nees,Poaceae,Hymenachne,SPECIES,PRESERVED_SPECIMEN,1981-09-07,1981,-69.59,18.633333,NA,7bd65a7a-f762-11e1-a439-00145eb45e9a,MO,Tropicos,32,05,SAN ANTONIO DE GUERRA,103205,874cd5c31ffffff
urn:catalog:MO:Tropicos:100748451,1258078948,Piriqueta cistoides,Piriqueta cistoides (L.) Mey. ex Steud.,Passifloraceae,Piriqueta,SPECIES,PRESERVED_SPECIMEN,1981-09-07,1981,-69.6,18.633333,NA,7bd65a7a-f762-11e1-a439-00145eb45e9a,MO,Tropicos,32,05,SAN ANTONIO DE GUERRA,103205,874cd5c31ffffff
urn:catalog:MO:Tropicos:101065030,2268957889,Eragrostis hypnoides,"Eragrostis hypnoides (Lam.) Britton, Sterns & Poggenb.",Poaceae,Eragrostis,SPECIES,PRESERVED_SPECIMEN,1985-05-20,1985,-69.75,18.55,NA,7bd65a7a-f762-11e1-a439-00145eb45e9a,MO,Tropicos,32,05,SAN ANTONIO DE GUERRA,103205,874cd5c91ffffff
urn:catalog:MO:Tropicos:102011283,4062141881,Passiflora pallida,Passiflora pallida L.,Passifloraceae,Passiflora,SPECIES,PRESERVED_SPECIMEN,1980-12-09,1980,-69.616667,18.566667,NA,e053ff53-c156-4e2e-b9b5-4462e9625424,NY,Tropicos,32,05,SAN ANTONIO DE GUERRA,103205,874cd5c1effffff
urn:catalog:MO:Tropicos:1949283,1259213796,Passiflora pallida,Passiflora pallida L.,Passifloraceae,Passiflora,SPECIES,PRESERVED_SPECIMEN,1980-12-09,1980,-69.616667,18.566667,NA,7bd65a7a-f762-11e1-a439-00145eb45e9a,MO,Tropicos,32,05,SAN ANTONIO DE GUERRA,103205,874cd5c1effffff
urn:catalog:MO:Tropicos:2005000,1259275427,Alpinia purpurata,Alpinia purpurata (Vieill.) K.Schum.,Zingiberaceae,Alpinia,SPECIES,PRESERVED_SPECIMEN,1981-09-07,1981,-69.65,18.63333,NA,7bd65a7a-f762-11e1-a439-00145eb45e9a,MO,Tropicos,32,05,SAN ANTONIO DE GUERRA,103205,874cd5d89ffffff
urn:catalog:MO:Tropicos:2312383,1259614081,Hymenachne amplexicaulis,Hymenachne amplexicaulis (Rudge) Nees,Poaceae,Hymenachne,SPECIES,PRESERVED_SPECIMEN,1980-12-09,1980,-69.68333,18.6,NA,7bd65a7a-f762-11e1-a439-00145eb45e9a,MO,Tropicos,32,05,SAN ANTONIO DE GUERRA,103205,874cd5ca0ffffff
urn:catalog:MO:Tropicos:2328059,1259630731,Eleocharis interstincta,Eleocharis interstincta (Vahl) Roem. & Schult.,Cyperaceae,Eleocharis,SPECIES,PRESERVED_SPECIMEN,,NA,-69.75,18.55,NA,7bd65a7a-f762-11e1-a439-00145eb45e9a,MO,Tropicos,32,05,SAN ANTONIO DE GUERRA,103205,874cd5c91ffffff
urn:catalog:MO:Tropicos:2347242,1259651853,Persicaria punctata,Persicaria punctata (Elliott) Small,Polygonaceae,Persicaria,SPECIES,PRESERVED_SPECIMEN,1980-12-09,1980,-69.666667,18.516667,NA,7bd65a7a-f762-11e1-a439-00145eb45e9a,MO,Tropicos,32,05,SAN ANTONIO DE GUERRA,103205,874cd5c88ffffff
urn:catalog:MO:Tropicos:2348034,1259653268,Pontederia azurea,Eichhornia azurea (Sw.) Kunth,Pontederiaceae,Pontederia,SPECIES,PRESERVED_SPECIMEN,1980-12-09,1980,-69.73333,18.58333,NA,7bd65a7a-f762-11e1-a439-00145eb45e9a,MO,Tropicos,32,05,SAN ANTONIO DE GUERRA,103205,874cd5cb3ffffff
urn:catalog:MO:Tropicos:2349681,1259655143,Microtea debilis,Microtea debilis Sw.,Microteaceae,Microtea,SPECIES,PRESERVED_SPECIMEN,1981-09-07,1981,-69.6,18.63333,NA,7bd65a7a-f762-11e1-a439-00145eb45e9a,MO,Tropicos,32,05,SAN ANTONIO DE GUERRA,103205,874cd5c31ffffff
urn:catalog:MO:Tropicos:2351699,1259657109,Pontederia azurea,Eichhornia azurea (Sw.) Kunth,Pontederiaceae,Pontederia,SPECIES,PRESERVED_SPECIMEN,1988-06-09,1988,-69.63333,18.61666,NA,7bd65a7a-f762-11e1-a439-00145eb45e9a,MO,Tropicos,32,05,SAN ANTONIO DE GUERRA,103205,874cd5c14ffffff
urn:catalog:MO:Tropicos:2358230,1259664169,Crotalaria retusa,Crotalaria retusa L.,Fabaceae,Crotalaria,SPECIES,PRESERVED_SPECIMEN,1980-12-09,1980,-69.68333,18.6,NA,7bd65a7a-f762-11e1-a439-00145eb45e9a,MO,Tropicos,32,05,SAN ANTONIO DE GUERRA,103205,874cd5ca0ffffff
urn:catalog:MO:Tropicos:2366078,1259672400,Flemingia strobilifera,Flemingia strobilifera (L.) W.T.Aiton,Fabaceae,Flemingia,SPECIES,PRESERVED_SPECIMEN,1980-12-09,1980,-69.68333,18.6,NA,7bd65a7a-f762-11e1-a439-00145eb45e9a,MO,Tropicos,32,05,SAN ANTONIO DE GUERRA,103205,874cd5ca0ffffff
urn:catalog:MO:Tropicos:2385562,1259693900,Chamaecrista diphylla,Chamaecrista diphylla (L.) Greene,Fabaceae,Chamaecrista,SPECIES,PRESERVED_SPECIMEN,1980-12-09,1980,-69.616667,18.566667,NA,7bd65a7a-f762-11e1-a439-00145eb45e9a,MO,Tropicos,32,05,SAN ANTONIO DE GUERRA,103205,874cd5c1effffff
urn:catalog:MO:Tropicos:2400291,1259710011,Mimosa pudica,Mimosa pudica L.,Fabaceae,Mimosa,SPECIES,PRESERVED_SPECIMEN,1980-12-09,1980,-69.68333,18.6,NA,7bd65a7a-f762-11e1-a439-00145eb45e9a,MO,Tropicos,32,05,SAN ANTONIO DE GUERRA,103205,874cd5ca0ffffff
urn:catalog:MO:Tropicos:2413574,1259724939,Caperonia palustris,Caperonia palustris (L.) A.St.-Hil.,Euphorbiaceae,Caperonia,SPECIES,PRESERVED_SPECIMEN,1980-12-09,1980,-69.68333,18.6,NA,7bd65a7a-f762-11e1-a439-00145eb45e9a,MO,Tropicos,32,05,SAN ANTONIO DE GUERRA,103205,874cd5ca0ffffff
urn:catalog:MO:Tropicos:2449648,1259764805,Paullinia pinnata,Paullinia pinnata L.,Sapindaceae,Paullinia,SPECIES,PRESERVED_SPECIMEN,1986-05-20,1986,-69.75,18.55,NA,7bd65a7a-f762-11e1-a439-00145eb45e9a,MO,Tropicos,32,05,SAN ANTONIO DE GUERRA,103205,874cd5c91ffffff
urn:catalog:MO:Tropicos:2461745,1259778447,Plantae,Plantae,,,KINGDOM,PRESERVED_SPECIMEN,1980-12-09,1980,-69.68333,18.6,NA,7bd65a7a-f762-11e1-a439-00145eb45e9a,MO,Tropicos,32,05,SAN ANTONIO DE GUERRA,103205,874cd5ca0ffffff
urn:catalog:MO:Tropicos:2462488,1259778776,Malachra radiata,Malachra radiata (L.) L.,Malvaceae,Malachra,SPECIES,PRESERVED_SPECIMEN,1980-12-09,1980,-69.68333,18.6,NA,7bd65a7a-f762-11e1-a439-00145eb45e9a,MO,Tropicos,32,05,SAN ANTONIO DE GUERRA,103205,874cd5ca0ffffff
urn:catalog:MO:Tropicos:2466155,1259782337,Mammea americana,Mammea americana L.,Calophyllaceae,Mammea,SPECIES,PRESERVED_SPECIMEN,1981-05-14,1981,-69.73333,18.56666,NA,7bd65a7a-f762-11e1-a439-00145eb45e9a,MO,Tropicos,32,05,SAN ANTONIO DE GUERRA,103205,874cd5c95ffffff
urn:catalog:MO:Tropicos:2468579,1259785903,Melochia spicata,Melochia villosa (Mill.) Fawc. & Rendle,Malvaceae,Melochia,SPECIES,PRESERVED_SPECIMEN,1980-12-09,1980,-69.68333,18.6,NA,7bd65a7a-f762-11e1-a439-00145eb45e9a,MO,Tropicos,32,05,SAN ANTONIO DE GUERRA,103205,874cd5ca0ffffff
urn:catalog:MO:Tropicos:2503434,1259824135,Ludwigia L.,Ludwigia L.,Onagraceae,Ludwigia,GENUS,PRESERVED_SPECIMEN,1980-12-09,1980,-69.68333,18.6,NA,7bd65a7a-f762-11e1-a439-00145eb45e9a,MO,Tropicos,32,05,SAN ANTONIO DE GUERRA,103205,874cd5ca0ffffff
urn:catalog:MO:Tropicos:2506403,1259827423,Ludwigia peploides,Ludwigia peploides (Kunth) P.H.Raven,Onagraceae,Ludwigia,SPECIES,PRESERVED_SPECIMEN,1980-12-09,1980,-69.666667,18.516667,NA,7bd65a7a-f762-11e1-a439-00145eb45e9a,MO,Tropicos,32,05,SAN ANTONIO DE GUERRA,103205,874cd5c88ffffff
urn:catalog:MO:Tropicos:2506489,1259827515,Ludwigia erecta,Ludwigia erecta (L.) H.Hara,Onagraceae,Ludwigia,SPECIES,PRESERVED_SPECIMEN,1980-12-09,1980,-69.666667,18.516667,NA,7bd65a7a-f762-11e1-a439-00145eb45e9a,MO,Tropicos,32,05,SAN ANTONIO DE GUERRA,103205,874cd5c88ffffff
urn:catalog:MO:Tropicos:2507172,1259828270,Ludwigia peploides,Ludwigia peploides (Kunth) P.H.Raven,Onagraceae,Ludwigia,SPECIES,PRESERVED_SPECIMEN,1980-12-09,1980,-69.68333,18.6,NA,7bd65a7a-f762-11e1-a439-00145eb45e9a,MO,Tropicos,32,05,SAN ANTONIO DE GUERRA,103205,874cd5ca0ffffff
urn:catalog:MO:Tropicos:2552489,1259878349,Nymphoides indica,Nymphoides indica (L.) Kuntze,Menyanthaceae,Nymphoides,SPECIES,PRESERVED_SPECIMEN,1980-12-09,1980,-69.633333,18.6,NA,7bd65a7a-f762-11e1-a439-00145eb45e9a,MO,Tropicos,32,05,SAN ANTONIO DE GUERRA,103205,874cd5c10ffffff
urn:catalog:MO:Tropicos:2564728,1259891837,Lippia stoechadifolia,Lippia stoechadifolia (L.) Kunth,Verbenaceae,Lippia,SPECIES,PRESERVED_SPECIMEN,1980-12-09,1980,-69.666667,18.516667,NA,7bd65a7a-f762-11e1-a439-00145eb45e9a,MO,Tropicos,32,05,SAN ANTONIO DE GUERRA,103205,874cd5c88ffffff
urn:catalog:MO:Tropicos:2589951,1259919777,Eclipta prostrata,Eclipta prostrata (L.) L.,Asteraceae,Eclipta,SPECIES,PRESERVED_SPECIMEN,,NA,-69.75,18.55,NA,7bd65a7a-f762-11e1-a439-00145eb45e9a,MO,Tropicos,32,05,SAN ANTONIO DE GUERRA,103205,874cd5c91ffffff
urn:catalog:MO:Tropicos:2591662,1259921704,Spiracantha cornifolia,Spiracantha cornifolia Kunth,Asteraceae,Spiracantha,SPECIES,PRESERVED_SPECIMEN,1980-12-09,1980,-69.61666,18.56666,NA,7bd65a7a-f762-11e1-a439-00145eb45e9a,MO,Tropicos,32,05,SAN ANTONIO DE GUERRA,103205,874cd5c1effffff
urn:catalog:MO:Tropicos:2592249,1259922306,Chromolaena odorata,Chromolaena odorata (L.) R.M.King & H.Rob.,Asteraceae,Chromolaena,SPECIES,PRESERVED_SPECIMEN,1980-12-09,1980,-69.666667,18.516667,NA,7bd65a7a-f762-11e1-a439-00145eb45e9a,MO,Tropicos,32,05,SAN ANTONIO DE GUERRA,103205,874cd5c88ffffff
urn:catalog:MO:Tropicos:2596388,1259927138,Trichospira verticillata,Trichospira verticillata (L.) S.F.Blake,Asteraceae,Trichospira,SPECIES,PRESERVED_SPECIMEN,1980-12-09,1980,-69.666667,18.516667,NA,7bd65a7a-f762-11e1-a439-00145eb45e9a,MO,Tropicos,32,05,SAN ANTONIO DE GUERRA,103205,874cd5c88ffffff
urn:catalog:MO:Tropicos:2834345,1260188713,Eleocharis interstincta,Eleocharis interstincta (Vahl) Roem. & Schult.,Cyperaceae,Eleocharis,SPECIES,PRESERVED_SPECIMEN,1980-12-09,1980,-69.68333,18.6,NA,7bd65a7a-f762-11e1-a439-00145eb45e9a,MO,Tropicos,32,05,SAN ANTONIO DE GUERRA,103205,874cd5ca0ffffff
urn:catalog:MO:Tropicos:2835682,1260190190,Eleocharis mutata,Eleocharis mutata (L.) Roem. & Schult.,Cyperaceae,Eleocharis,SPECIES,PRESERVED_SPECIMEN,1980-12-09,1980,-69.61666,18.56666,NA,7bd65a7a-f762-11e1-a439-00145eb45e9a,MO,Tropicos,32,05,SAN ANTONIO DE GUERRA,103205,874cd5c1effffff
urn:catalog:MO:Tropicos:2903825,1260265086,Solanum torvum,Solanum torvum Sw.,Solanaceae,Solanum,SPECIES,PRESERVED_SPECIMEN,1980-12-09,1980,-69.68333,18.6,NA,7bd65a7a-f762-11e1-a439-00145eb45e9a,MO,Tropicos,32,05,SAN ANTONIO DE GUERRA,103205,874cd5ca0ffffff
urn:catalog:MO:Tropicos:2909039,1260270974,Cyperus odoratus,Cyperus odoratus L.,Cyperaceae,Cyperus,SPECIES,PRESERVED_SPECIMEN,1980-12-09,1980,-69.68333,18.6,NA,7bd65a7a-f762-11e1-a439-00145eb45e9a,MO,Tropicos,32,05,SAN ANTONIO DE GUERRA,103205,874cd5ca0ffffff
urn:catalog:MO:Tropicos:2911756,1260273885,Cyperus alternifolius,Cyperus alternifolius L.,Cyperaceae,Cyperus,SPECIES,PRESERVED_SPECIMEN,1989-06-02,1989,-69.61666,18.51666,NA,7bd65a7a-f762-11e1-a439-00145eb45e9a,MO,Tropicos,32,05,SAN ANTONIO DE GUERRA,103205,874cd5cf0ffffff
urn:catalog:MO:Tropicos:2914324,1260276699,Rhynchospora holoschoenoides,Rhynchospora holoschoenoides (Rich.) Herter,Cyperaceae,Rhynchospora,SPECIES,PRESERVED_SPECIMEN,1980-12-09,1980,-69.68333,18.6,NA,7bd65a7a-f762-11e1-a439-00145eb45e9a,MO,Tropicos,32,05,SAN ANTONIO DE GUERRA,103205,874cd5ca0ffffff
urn:catalog:MO:Tropicos:2997062,1260368135,Hymenachne amplexicaulis,Hymenachne amplexicaulis (Rudge) Nees,Poaceae,Hymenachne,SPECIES,PRESERVED_SPECIMEN,1980-12-09,1980,-69.666667,18.516667,NA,7bd65a7a-f762-11e1-a439-00145eb45e9a,MO,Tropicos,32,05,SAN ANTONIO DE GUERRA,103205,874cd5c88ffffff
urn:catalog:MO:Tropicos:3011920,1260384523,Cyperus digitatus,Cyperus digitatus Roxb.,Cyperaceae,Cyperus,SPECIES,PRESERVED_SPECIMEN,1980-12-09,1980,-69.666667,18.516667,NA,7bd65a7a-f762-11e1-a439-00145eb45e9a,MO,Tropicos,32,05,SAN ANTONIO DE GUERRA,103205,874cd5c88ffffff
urn:catalog:MO:Tropicos:3114414,1260497909,Ischaemum rugosum,Ischaemum rugosum Salisb.,Poaceae,Ischaemum,SPECIES,PRESERVED_SPECIMEN,1980-12-09,1980,-69.61666,18.56666,NA,7bd65a7a-f762-11e1-a439-00145eb45e9a,MO,Tropicos,32,05,SAN ANTONIO DE GUERRA,103205,874cd5c1effffff
urn:catalog:MO:Tropicos:3114722,1260498132,Hymenachne amplexicaulis,Hymenachne amplexicaulis (Rudge) Nees,Poaceae,Hymenachne,SPECIES,PRESERVED_SPECIMEN,1980-12-09,1980,-69.666667,18.516667,NA,7bd65a7a-f762-11e1-a439-00145eb45e9a,MO,Tropicos,32,05,SAN ANTONIO DE GUERRA,103205,874cd5c88ffffff
urn:catalog:MO:Tropicos:3115965,1260499723,Oryza sativa,Oryza sativa L.,Poaceae,Oryza,SPECIES,PRESERVED_SPECIMEN,1980-12-09,1980,-69.68333,18.6,NA,7bd65a7a-f762-11e1-a439-00145eb45e9a,MO,Tropicos,32,05,SAN ANTONIO DE GUERRA,103205,874cd5ca0ffffff
urn:catalog:MO:Tropicos:3117343,1260501208,Oryza sativa,Oryza sativa L.,Poaceae,Oryza,SPECIES,PRESERVED_SPECIMEN,1980-12-09,1980,-69.68333,18.6,NA,7bd65a7a-f762-11e1-a439-00145eb45e9a,MO,Tropicos,32,05,SAN ANTONIO DE GUERRA,103205,874cd5ca0ffffff
urn:catalog:MO:Tropicos:3117475,1260501319,Hymenachne amplexicaulis,Hymenachne amplexicaulis (Rudge) Nees,Poaceae,Hymenachne,SPECIES,PRESERVED_SPECIMEN,1980-12-09,1980,-69.61666,18.56666,NA,7bd65a7a-f762-11e1-a439-00145eb45e9a,MO,Tropicos,32,05,SAN ANTONIO DE GUERRA,103205,874cd5c1effffff
urn:catalog:MO:Tropicos:3118271,1260502323,Ischaemum rugosum,Ischaemum rugosum Salisb.,Poaceae,Ischaemum,SPECIES,PRESERVED_SPECIMEN,1980-12-09,1980,-69.61666,18.56666,NA,7bd65a7a-f762-11e1-a439-00145eb45e9a,MO,Tropicos,32,05,SAN ANTONIO DE GUERRA,103205,874cd5c1effffff
urn:catalog:MO:Tropicos:3299726,1260702455,Chrysobalanus icaco,Chrysobalanus icaco L.,Chrysobalanaceae,Chrysobalanus,SPECIES,PRESERVED_SPECIMEN,,NA,-69.75,18.55,NA,7bd65a7a-f762-11e1-a439-00145eb45e9a,MO,Tropicos,32,05,SAN ANTONIO DE GUERRA,103205,874cd5c91ffffff
urn:catalog:MO:Tropicos:3301179,1260704036,Melochia nodiflora,Melochia nodiflora Sw.,Malvaceae,Melochia,SPECIES,PRESERVED_SPECIMEN,1980-12-09,1980,-69.68333,18.6,NA,7bd65a7a-f762-11e1-a439-00145eb45e9a,MO,Tropicos,32,05,SAN ANTONIO DE GUERRA,103205,874cd5ca0ffffff
urn:catalog:MO:Tropicos:3345119,1260752676,Zanthoxylum martinicense,Zanthoxylum martinicense (Lam.) DC.,Rutaceae,Zanthoxylum,SPECIES,PRESERVED_SPECIMEN,1990-06-23,1990,-69.6,18.6,NA,7bd65a7a-f762-11e1-a439-00145eb45e9a,MO,Tropicos,32,05,SAN ANTONIO DE GUERRA,103205,874cd5c02ffffff
urn:catalog:MO:Tropicos:3357966,1260766807,Acroceras zizanioides,Acroceras zizanioides (Kunth) Dandy,Poaceae,Acroceras,SPECIES,PRESERVED_SPECIMEN,1986-05-20,1986,-69.75,18.55,NA,7bd65a7a-f762-11e1-a439-00145eb45e9a,MO,Tropicos,32,05,SAN ANTONIO DE GUERRA,103205,874cd5c91ffffff
urn:catalog:MO:Tropicos:3357971,1260766836,Acroceras zizanioides,Acroceras zizanioides (Kunth) Dandy,Poaceae,Acroceras,SPECIES,PRESERVED_SPECIMEN,1986-05-20,1986,-69.75,18.55,NA,7bd65a7a-f762-11e1-a439-00145eb45e9a,MO,Tropicos,32,05,SAN ANTONIO DE GUERRA,103205,874cd5c91ffffff
urn:catalog:MO:Tropicos:3385545,1260797433,Priva lappulacea,Priva lappulacea (L.) Pers.,Verbenaceae,Priva,SPECIES,PRESERVED_SPECIMEN,1980-12-09,1980,-69.68333,18.6,NA,7bd65a7a-f762-11e1-a439-00145eb45e9a,MO,Tropicos,32,05,SAN ANTONIO DE GUERRA,103205,874cd5ca0ffffff
urn:catalog:MO:Tropicos:3407899,1260822059,Cardiospermum halicacabum,Cardiospermum halicacabum L.,Sapindaceae,Cardiospermum,SPECIES,PRESERVED_SPECIMEN,1981-09-07,1981,-69.63333,18.63333,NA,7bd65a7a-f762-11e1-a439-00145eb45e9a,MO,Tropicos,32,05,SAN ANTONIO DE GUERRA,103205,874cd5c32ffffff
urn:catalog:MO:Tropicos:3426739,1260842806,Corchorus siliquosus,Corchorus siliquosus L.,Malvaceae,Corchorus,SPECIES,PRESERVED_SPECIMEN,1980-12-09,1980,-69.68333,18.6,NA,7bd65a7a-f762-11e1-a439-00145eb45e9a,MO,Tropicos,32,05,SAN ANTONIO DE GUERRA,103205,874cd5ca0ffffff
urn:catalog:MO:Tropicos:3426768,1260842993,Corchorus aestuans,Corchorus aestuans L.,Malvaceae,Corchorus,SPECIES,PRESERVED_SPECIMEN,1980-12-09,1980,-69.68333,18.6,NA,7bd65a7a-f762-11e1-a439-00145eb45e9a,MO,Tropicos,32,05,SAN ANTONIO DE GUERRA,103205,874cd5ca0ffffff
urn:catalog:MO:Tropicos:3450869,1260869646,Sida urens,Sida urens L.,Malvaceae,Sida,SPECIES,PRESERVED_SPECIMEN,1980-12-09,1980,-69.63333,18.6,NA,7bd65a7a-f762-11e1-a439-00145eb45e9a,MO,Tropicos,32,05,SAN ANTONIO DE GUERRA,103205,874cd5c10ffffff
urn:catalog:MO:Tropicos:3453237,1260872242,Ipomoea philomega,Ipomoea philomega (Vell.) House,Convolvulaceae,Ipomoea,SPECIES,PRESERVED_SPECIMEN,1980-12-09,1980,-69.666667,18.516667,NA,7bd65a7a-f762-11e1-a439-00145eb45e9a,MO,Tropicos,32,05,SAN ANTONIO DE GUERRA,103205,874cd5c88ffffff
urn:catalog:MO:Tropicos:3453267,1260872281,Distimake quinquefolius,Merremia quinquefolia (L.) Hallier fil.,Convolvulaceae,Distimake,SPECIES,PRESERVED_SPECIMEN,1980-12-09,1980,-69.68333,18.6,NA,7bd65a7a-f762-11e1-a439-00145eb45e9a,MO,Tropicos,32,05,SAN ANTONIO DE GUERRA,103205,874cd5ca0ffffff
urn:catalog:MO:Tropicos:3453279,1260872279,Ipomoea tiliacea,Ipomoea tiliacea (Willd.) Choisy,Convolvulaceae,Ipomoea,SPECIES,PRESERVED_SPECIMEN,1980-12-09,1980,-69.73333,18.6,NA,7bd65a7a-f762-11e1-a439-00145eb45e9a,MO,Tropicos,32,05,SAN ANTONIO DE GUERRA,103205,874cd5cb0ffffff
urn:catalog:MO:Tropicos:375685,1261074372,Anthurium crenatum,Anthurium crenatum (L.) Kunth,Araceae,Anthurium,SPECIES,PRESERVED_SPECIMEN,,NA,-69.65,18.65,NA,e053ff53-c156-4e2e-b9b5-4462e9625424,JBSD,Tropicos,32,05,SAN ANTONIO DE GUERRA,103205,874cd5d8dffffff
urn:catalog:MO:Tropicos:90164164,1261735271,Henicodium geniculatum,Leucodontopsis geniculata (Mitt.) H.A. Crum & Steere,Pterobryaceae,Henicodium,SPECIES,PRESERVED_SPECIMEN,1977-04-10,1977,-69.7,18.55,NA,7bd65a7a-f762-11e1-a439-00145eb45e9a,MO,Tropicos,32,05,SAN ANTONIO DE GUERRA,103205,874cd5c81ffffff
urn:catalog:MO:Tropicos:90166297,1261737481,Groutiella apiculata,Groutiella mucronifolia (Hook. & Grev.) H.A. Crum & Steere,Orthotrichaceae,Groutiella,SPECIES,PRESERVED_SPECIMEN,1977-04-10,1977,-69.7,18.55,NA,7bd65a7a-f762-11e1-a439-00145eb45e9a,MO,Tropicos,32,05,SAN ANTONIO DE GUERRA,103205,874cd5c81ffffff
urn:catalog:MO:Tropicos:90239086,1261810734,Groutiella apiculata,Groutiella mucronifolia (Hook. & Grev.) H.A. Crum & Steere,Orthotrichaceae,Groutiella,SPECIES,PRESERVED_SPECIMEN,1977-04-10,1977,-69.686107,18.60221,NA,7bd65a7a-f762-11e1-a439-00145eb45e9a,MO,Tropicos,32,05,SAN ANTONIO DE GUERRA,103205,874cd5ca0ffffff
